{"type": "FeatureCollection", "features": [{"type": "Feature", "id": 21409, "geometry": {"type": "Polygon", "coordinates": [[[152.48778744488217, -27.672815632415258], [152.48809427285417, -27.67277246044507], [152.4880554958677, -27.672696262440677], [152.4877450599052, -27.67266703140995], [152.48751000693542, -27.672629650386533], [152.48715250897902, -27.67259190835108], [152.48640079907446, -27.67248159627633], [152.4857065021659, -27.67235347520712], [152.48565476015523, -27.672485055203087], [152.4856114131373, -27.67266812120024], [152.48560040012228, -27.672798097200207], [152.48569076710518, -27.672856721209516], [152.48587669808654, -27.67284422022773], [152.48599538406836, -27.67288618323973], [152.48621916802392, -27.673048371262986], [152.4863855820124, -27.67299518427892], [152.4865834079919, -27.67298739629829], [152.48689008694976, -27.67305823132896], [152.4872503119136, -27.673033685364206], [152.48744298190638, -27.67292246538226], [152.48778744488217, -27.672815632415258]]]}, "properties": {"_sublayer": "Koala habitat area (core)", "source": "QLD DETSI KoalaPlan MapServer layer 3"}}, {"type": "Feature", "id": 21411, "geometry": {"type": "Polygon", "coordinates": [[[152.48548525417476, -27.67247618118635], [152.4854552811946, -27.672342637182368], [152.48517898523033, -27.672296513154855], [152.48472659128825, -27.672226230109835], [152.48387118439203, -27.67214071502509], [152.48381763838603, -27.672236093020594], [152.48389997536074, -27.67236757802972], [152.4840564043316, -27.672465056045844], [152.4842836862925, -27.672580472069118], [152.48451719326638, -27.672586828092083], [152.484594786268, -27.672506048099105], [152.48474657925092, -27.672510437114028], [152.4849065092272, -27.67256114113014], [152.48500733219748, -27.672712624141255], [152.48517282417382, -27.67275792815784], [152.48526797815873, -27.672795636167518], [152.48535437416652, -27.672657511174894], [152.48548525417476, -27.67247618118635]]]}, "properties": {"_sublayer": "Koala habitat area (core)", "source": "QLD DETSI KoalaPlan MapServer layer 3"}}, {"type": "Feature", "id": 21407, "geometry": {"type": "Polygon", "coordinates": [[[152.4853451636673, -27.676691809205682], [152.48584038062643, -27.676587403253524], [152.4860753316052, -27.67655202727631], [152.4860335006386, -27.676319125270386], [152.4860733856475, -27.6762123242735], [152.4859845296596, -27.676193556264597], [152.48578297670758, -27.675983143243148], [152.48561381075075, -27.675783585224945], [152.4853514767755, -27.675814128199384], [152.48514897079198, -27.675858490179877], [152.48505672378255, -27.67601577217202], [152.4849789847581, -27.6762816571665], [152.4849267627239, -27.67660314616388], [152.48502279770085, -27.67670449717413], [152.4853451636673, -27.676691809205682]]]}, "properties": {"_sublayer": "Koala habitat area (core)", "source": "QLD DETSI KoalaPlan MapServer layer 3"}}, {"type": "Feature", "id": 21595, "geometry": {"type": "Polygon", "coordinates": [[[152.48518202412083, -27.681243057225345], [152.48510692219025, -27.68074901021414], [152.48486015927477, -27.680283464186186], [152.48445957438523, -27.679744784142603], [152.48433306639666, -27.67976372013033], [152.48421857040694, -27.6797808571192], [152.4840900643971, -27.67997319610812], [152.4836999503672, -27.68055708607434], [152.48308426641628, -27.68070181301499], [152.48297737242476, -27.680726940004703], [152.48277068542967, -27.68086933898548], [152.48264805240657, -27.681162950975747], [152.48260084439772, -27.681275981972007], [152.4825238273957, -27.681360160965106], [152.48239284439214, -27.68150332695334], [152.4822818293892, -27.681624665943417], [152.48203826840648, -27.681699458920033], [152.48132334249183, -27.68163872084931], [152.48123490950059, -27.68164628284069], [152.48104717051478, -27.681696432822633], [152.48035521555747, -27.68195878475675], [152.48040215152903, -27.68214790476281], [152.48232342124257, -27.682770668956465], [152.48282826518079, -27.68282569700652], [152.4831570691512, -27.682775954038405], [152.48408229906784, -27.68263598012824], [152.4845812490147, -27.682626087177166], [152.4852821579058, -27.682889368248112], [152.48653501874801, -27.683061262372583], [152.48824739750998, -27.683477907544162], [152.4891856223885, -27.683634061637562], [152.48924026338136, -27.683643154643022], [152.4893246563676, -27.68368073865158], [152.49034207520054, -27.684133824755133], [152.49057943016885, -27.68418165377887], [152.49072088615637, -27.68415762179259], [152.490839112146, -27.68413753480405], [152.4910532861119, -27.684224666825767], [152.4914367680243, -27.68459422286637], [152.49156899499408, -27.684721646880334], [152.4914686199796, -27.68492651787214], [152.49148340096966, -27.684993657874113], [152.4915050989692, -27.684977883876087], [152.49159967497243, -27.684869229884512], [152.4916546559664, -27.684869160889974], [152.4917021109656, -27.684834663894367], [152.49192934396095, -27.684672904915384], [152.49177756901284, -27.68438741989822], [152.49177597301318, -27.684386428898083], [152.49177421201344, -27.684385697897895], [152.49177233401366, -27.684385249897737], [152.4917703980139, -27.684385098897543], [152.49176846201414, -27.684385249897343], [152.49176658401421, -27.68438569789714], [152.4917648230143, -27.684386428896975], [152.49176323001439, -27.684387421896844], [152.49176283601443, -27.684387771896795], [152.49168932000322, -27.684542532890763], [152.4916129940209, -27.684466732882687], [152.4916171170303, -27.684387763882444], [152.49162034804192, -27.684290918882034], [152.49157673705488, -27.6842245768772], [152.49149834906788, -27.684188260869234], [152.4914858480804, -27.684099200867315], [152.49147388109134, -27.684020865865513], [152.49146682809962, -27.683960247864317], [152.4914958281032, -27.68390590086675], [152.49149584410318, -27.683905734866794], [152.49149577510335, -27.68390503886675], [152.49143375312292, -27.68380203685985], [152.4914325531231, -27.68380128885973], [152.49143079212337, -27.683800557859556], [152.4914289141236, -27.683800109859373], [152.4914269781238, -27.683799958859144], [152.49142504212404, -27.683800109859], [152.49142316412426, -27.6838005578588], [152.49142140312435, -27.683801288858632], [152.49142087812433, -27.68380161585859], [152.4913132621174, -27.68395196784918], [152.49106066315164, -27.683897439823912], [152.49084614918726, -27.683798425802046], [152.49081381521114, -27.68363492179759], [152.4909286742738, -27.68302860380412], [152.4910152662727, -27.68296125681214], [152.49101566327278, -27.682960521812156], [152.49098733630862, -27.68269630280727], [152.49098370330907, -27.682695798806957], [152.48551317899881, -27.681936499263326], [152.48551315499873, -27.681936473263377], [152.48536561603495, -27.68177431124757], [152.48535408503636, -27.681772708246438], [152.48535497303632, -27.681772496246545], [152.48535673403626, -27.68177176524671], [152.4853583260362, -27.681770772246843], [152.4853597010362, -27.68176954924694], [152.4853608160363, -27.68176813124704], [152.48536163703633, -27.681766563247148], [152.48536214003656, -27.681764892247163], [152.48536218903652, -27.681764395247143], [152.48518202412083, -27.681243057225345]]]}, "properties": {"_sublayer": "Koala habitat area (core)", "source": "QLD DETSI KoalaPlan MapServer layer 3"}}, {"type": "Feature", "id": 21598, "geometry": {"type": "Polygon", "coordinates": [[[152.4882075560354, -27.67927635850725], [152.4881539120635, -27.679095838500544], [152.4882826580873, -27.67879180351082], [152.4886109020868, -27.678507440540844], [152.48858908514015, -27.678095849535502], [152.48810093221206, -27.677944387486303], [152.48733987929964, -27.677906123411205], [152.48718836833356, -27.677765647395255], [152.48705957029455, -27.67819323338596], [152.48715613024407, -27.678516272397946], [152.4871732222211, -27.678686553400972], [152.48717325022102, -27.67868660740098], [152.48717378922086, -27.67868729340105], [152.48780712410985, -27.679026355465922], [152.48728030013683, -27.679271810416108], [152.48873925592355, -27.67971074956291], [152.48985261069953, -27.680540143678844], [152.48996948972513, -27.680231818687922], [152.48978689375355, -27.680162248669436], [152.48934821687396, -27.679576255621686], [152.4891979159016, -27.679485552606202], [152.4888703639617, -27.679287879572467], [152.48871645199, -27.679194994556642], [152.4887145959903, -27.679194848556417], [152.48871400699034, -27.679194894556385], [152.48843286200494, -27.679323863529767], [152.4882075560354, -27.67927635850725]]]}, "properties": {"_sublayer": "Koala habitat area (core)", "source": "QLD DETSI KoalaPlan MapServer layer 3"}}, {"type": "Feature", "id": 21599, "geometry": {"type": "Polygon", "coordinates": [[[152.4860364935132, -27.67732772727859], [152.48625655849636, -27.67727054229978], [152.48629279650413, -27.67717611630262], [152.48638946750214, -27.677107614311545], [152.4864069875085, -27.67704116931279], [152.4861144725739, -27.676769956281902], [152.48610286858323, -27.67670534728026], [152.48592954659856, -27.676733502263435], [152.48574520161324, -27.676777150245638], [152.48542938664104, -27.67683001521507], [152.4852091206584, -27.676883163193786], [152.48521655963907, -27.677032478195727], [152.48532549560528, -27.67721014720781], [152.48548469357667, -27.67730092522419], [152.485759931541, -27.67734670025159], [152.4860364935132, -27.67732772727859]]]}, "properties": {"_sublayer": "Koala habitat area (core)", "source": "QLD DETSI KoalaPlan MapServer layer 3"}}, {"type": "Feature", "id": 21693, "geometry": {"type": "Polygon", "coordinates": [[[152.49085184555852, -27.68080014777907], [152.4909778745737, -27.68056752478965], [152.49102664259277, -27.68037028379293], [152.49045423469354, -27.6800607857342], [152.49035596869993, -27.680095457724843], [152.49033988268, -27.68026985172462], [152.4902684516563, -27.680524110719578], [152.49033278663188, -27.68066428872704], [152.4906213915863, -27.680778644756284], [152.49076891756462, -27.68082380277111], [152.49085184555852, -27.68080014777907]]]}, "properties": {"_sublayer": "Koala habitat area (core)", "source": "QLD DETSI KoalaPlan MapServer layer 3"}}, {"type": "Feature", "id": 21694, "geometry": {"type": "Polygon", "coordinates": [[[152.48818935186955, -27.680629062516076], [152.48723337404272, -27.680071999417788], [152.48712969406142, -27.680011582407083], [152.48696062209046, -27.679926469389784], [152.48701359799207, -27.680673384400887], [152.48770175878573, -27.68173292047684], [152.48755823980193, -27.68172882746267], [152.48755690880196, -27.68172937946257], [152.48755531680203, -27.68173037246244], [152.48755394180202, -27.68173159546228], [152.48755282680193, -27.68173301346219], [152.4875520058019, -27.681734581462138], [152.4875515028017, -27.681736252462105], [152.4875513328015, -27.681737976462053], [152.48755150280127, -27.68173970046211], [152.48755200580104, -27.68174137146219], [152.4875528268007, -27.681742939462293], [152.48755394180043, -27.681744357462367], [152.48755531680015, -27.68174558046254], [152.48755536480007, -27.68174561046257], [152.48787463575587, -27.681822529494525], [152.48787475775583, -27.681822520494514], [152.48787527775576, -27.68182239649457], [152.4880550107511, -27.68170182551132], [152.48805571775122, -27.68170047551134], [152.4880562207514, -27.681698804511413], [152.48805630275152, -27.68169797251141], [152.4879393348018, -27.681395070497548], [152.48815391180665, -27.681167049516798], [152.48870108175888, -27.68107204156986], [152.4893487696492, -27.681388406636014], [152.4896069196227, -27.68137510666122], [152.48960925962285, -27.681371876661434], [152.4892564906842, -27.68118733062536], [152.48818935186955, -27.680629062516076]]]}, "properties": {"_sublayer": "Koala habitat area (core)", "source": "QLD DETSI KoalaPlan MapServer layer 3"}}, {"type": "Feature", "id": 24242, "geometry": {"type": "Polygon", "coordinates": [[[152.49060016809096, -27.668663574659117], [152.4907173320941, -27.668534784669603], [152.4906220231278, -27.6683474986588], [152.4906693981354, -27.668243723662613], [152.49054529116555, -27.668110008649368], [152.49014715923306, -27.667914756608674], [152.48965610931634, -27.667673933558575], [152.48884761544934, -27.66731028547624], [152.48820082655575, -27.667019362410368], [152.48698557568855, -27.667014869290902], [152.48617372373258, -27.66737253121392], [152.4850361047674, -27.66808964610781], [152.4850020147658, -27.668132624104754], [152.4844655987403, -27.668808863057386], [152.48381338670427, -27.66967204000005], [152.48356558360618, -27.670680989983644], [152.48355632160346, -27.670710732982943], [152.48370508656396, -27.67089938499907], [152.48370514656386, -27.67089942299906], [152.48370690856362, -27.67090015399924], [152.48370734556357, -27.670900257999264], [152.4840316705324, -27.670866833030914], [152.48431041552, -27.670722745057144], [152.48431105152, -27.670721937057223], [152.48431187252007, -27.67072036905728], [152.48431208752012, -27.670719654057304], [152.48429990453056, -27.67064636305554], [152.48434689953464, -27.670572668059553], [152.4844921435491, -27.67032859407189], [152.48451906656615, -27.6701669030733], [152.48445109359764, -27.66997267406511], [152.48444233462035, -27.669796842062848], [152.48448825863164, -27.669665493066315], [152.48455616764386, -27.669507370071745], [152.48466866764178, -27.669425217082146], [152.48481206263205, -27.66937812009589], [152.48491601862318, -27.66935848310596], [152.4850835376104, -27.669314110122038], [152.4851073425526, -27.669760331127883], [152.48501211654775, -27.6698832311195], [152.48487645053743, -27.670085475107797], [152.48469784452251, -27.67036195209242], [152.48457561750627, -27.67059993808221], [152.48474842644922, -27.670909220101663], [152.4849495123621, -27.671435019125553], [152.48515538827712, -27.671939905149742], [152.48526707424813, -27.67207541416181], [152.48554841721375, -27.67210579418968], [152.48560660120776, -27.67210350419538], [152.48567837420987, -27.672022953201758], [152.48574112923555, -27.671761398205906], [152.4858313222769, -27.67134849321153], [152.48587651231912, -27.670968451212946], [152.48589195333417, -27.670833098213446], [152.48592487934707, -27.670700757215595], [152.48604351137314, -27.670385647224812], [152.48618881838354, -27.670174559237424], [152.48632919936662, -27.670188136251326], [152.48628341035177, -27.670347547248117], [152.48652354732977, -27.67031421327142], [152.48658918730638, -27.67044535727892], [152.48669976828666, -27.670507868290226], [152.48687612725647, -27.670596445308306], [152.48708731224283, -27.67052126732842], [152.4872980222304, -27.67043655534849], [152.4874274762418, -27.67023086635962], [152.48754630624074, -27.670135444370526], [152.4876859762256, -27.670134720384226], [152.4877977442027, -27.670221063395914], [152.48794111219135, -27.67018676240971], [152.48800760417907, -27.67022712841656], [152.48775253217306, -27.670499852393647], [152.48762009015604, -27.67075341938263], [152.48753007513582, -27.67099576337571], [152.4874167441493, -27.67098589736447], [152.48729478913185, -27.671234275354404], [152.4873946461132, -27.671297208364745], [152.4872842661057, -27.67145438535514], [152.48690992112864, -27.671598076319423], [152.48652247415873, -27.67169452128217], [152.48631868718002, -27.67170254426217], [152.4861626911974, -27.671699133246854], [152.48604424219874, -27.67179191523591], [152.48613755715095, -27.67209592824747], [152.4861389391506, -27.672097149247605], [152.48614053215027, -27.672098135247793], [152.48695587105297, -27.67216767532844], [152.48699992805524, -27.672110342332342], [152.48743217901566, -27.672050340374366], [152.4875816059899, -27.672127138389644], [152.48786544403677, -27.671499794412608], [152.4883681560148, -27.67123642445992], [152.48890507990393, -27.671659450516028], [152.4889739368737, -27.671842554524208], [152.48936927285166, -27.671673174561743], [152.48962407383172, -27.6716106035863], [152.48973013382, -27.671612078596706], [152.48998243281258, -27.671449973620277], [152.49026773975208, -27.671687783650167], [152.4904355677145, -27.671843847667898], [152.49052416767012, -27.672124369678777], [152.4909186346015, -27.672330832719215], [152.4909178615934, -27.67239726071962], [152.4909183885932, -27.67239826671966], [152.49091950359295, -27.6723996847198], [152.49092087759266, -27.672400907719975], [152.49092246959233, -27.672401900720097], [152.4909239555921, -27.672402517720258], [152.49112366057142, -27.672393783739807], [152.49129987954947, -27.672416078757315], [152.49131158954694, -27.67242702575859], [152.49236014342824, -27.6724630678619], [152.49239104142438, -27.67246796886498], [152.49239215642422, -27.672467702865127], [152.4923939184241, -27.67246697186529], [152.49239551042407, -27.67246597886542], [152.4923968844241, -27.672464755865526], [152.49239799942418, -27.67246333786561], [152.49239882042423, -27.67246176986572], [152.4923990584243, -27.67246097886574], [152.49234040947226, -27.67212624785734], [152.49239914953037, -27.671606036858996], [152.4926829795627, -27.67109591088288], [152.4926830145628, -27.671095555882896], [152.492682844563, -27.67109383188291], [152.49268234156324, -27.671092160882843], [152.49268189756344, -27.671091313882773], [152.49244949761052, -27.670914895858512], [152.4923991496299, -27.670803420852703], [152.49258801264173, -27.670541618869212], [152.4925881536419, -27.670540178869206], [152.4925879846422, -27.670538454869217], [152.49258748164246, -27.67053678386914], [152.49258666064264, -27.670535215869037], [152.49258554564307, -27.670533797868902], [152.49258500964314, -27.670533320868888], [152.49223971369608, -27.670409542833937], [152.49206784976073, -27.670039166814153], [152.49206738676074, -27.670038754814087], [152.49206617276107, -27.670037997813946], [152.4917148238047, -27.66999357677908], [152.49157800381107, -27.670062629766186], [152.49145249180282, -27.67023951075525], [152.49129028680957, -27.670327092739985], [152.4911614768366, -27.67022231772649], [152.4912388598629, -27.669942261731894], [152.49124021189945, -27.669646096729743], [152.4912669689123, -27.669519245731383], [152.49122631492978, -27.66941366772651], [152.49128741198558, -27.668909573728612], [152.4910046890542, -27.668604967698386], [152.49085269006355, -27.668663179683907], [152.49080357905734, -27.66875585767984], [152.49060016809096, -27.668663574659117]]]}, "properties": {"_sublayer": "Koala habitat area (core)", "source": "QLD DETSI KoalaPlan MapServer layer 3"}}, {"type": "Feature", "id": 24244, "geometry": {"type": "Polygon", "coordinates": [[[152.4944692097152, -27.66829903203656], [152.49442629475638, -27.668004469030024], [152.49468378674845, -27.667842935054043], [152.4952846007102, -27.667624388111413], [152.49560646570106, -27.667415342141403], [152.49584250070487, -27.66717779116274], [152.49610925470162, -27.66696988718736], [152.49610963770172, -27.66696915618738], [152.49611014070177, -27.66696748518742], [152.4961101777019, -27.666967109187407], [152.49605908772648, -27.66681325918118], [152.49605784072676, -27.66681215018101], [152.49605624972705, -27.66681115718089], [152.49605448772732, -27.666810426180714], [152.49605261072765, -27.666809978180478], [152.4960506737279, -27.66680982518032], [152.4957781277437, -27.666921234154394], [152.49553847476278, -27.666977613131277], [152.49521608378228, -27.66710270710058], [152.49495698679797, -27.66720323907586], [152.49473766881667, -27.667245475054653], [152.49453358282716, -27.667339326035354], [152.49375037787473, -27.667643391960706], [152.4933475249011, -27.667784228922226], [152.49334691690106, -27.667784769922186], [152.49334580290108, -27.667786187922086], [152.49334498090093, -27.66778775592203], [152.49334447790073, -27.667789426921953], [152.4933443929006, -27.667790298922007], [152.49343924186024, -27.668032975933194], [152.49371819180868, -27.668204011961997], [152.49371819078868, -27.668365545963233], [152.4935737137762, -27.66859256495082], [152.4930554518221, -27.66867684290052], [152.4930545758222, -27.668677388900466], [152.49305320182216, -27.668678611900315], [152.49305208682208, -27.66868002990023], [152.49305174482214, -27.668680683900217], [152.49301498768764, -27.669796733905383], [152.49301559668746, -27.669797896905422], [152.4930167116872, -27.669799314905546], [152.49301808568694, -27.66980053790566], [152.49301885268673, -27.66980101590575], [152.49338551963893, -27.669864756942307], [152.4933439334302, -27.67158494995171], [152.4933388184045, -27.671796517952853], [152.49318712742553, -27.671759516937648], [152.49318696442558, -27.671759529937663], [152.4931850874257, -27.671759977937466], [152.49318390242576, -27.67176046993737], [152.49305367642225, -27.671903300925706], [152.4929194154221, -27.672022205913404], [152.4928019353916, -27.672371488904584], [152.49273820738063, -27.672516113899476], [152.4927383293804, -27.672517351899483], [152.49273883238018, -27.672519022899557], [152.49273965337983, -27.67252059089967], [152.4927407683796, -27.67252200889979], [152.49274214237929, -27.67252323189991], [152.4927430563791, -27.6725238019], [152.49295885235142, -27.67255802892148], [152.4941046032147, -27.67265498503487], [152.49531553407226, -27.672740574154624], [152.49603760598998, -27.672770757225813], [152.49606348098706, -27.672771839228346], [152.49604345299105, -27.67275715922629], [152.49602422399488, -27.672743066224267], [152.49580604804441, -27.672534984201203], [152.495420044103, -27.672401216162207], [152.49495012716426, -27.672319469115344], [152.4945976892211, -27.67217083807954], [152.49474873525347, -27.671776964091304], [152.49490488824256, -27.671727792106267], [152.49490576024257, -27.671727016106363], [152.49490687524266, -27.671725598106455], [152.49490769624273, -27.671724030106507], [152.4949081992429, -27.671722359106553], [152.49490836924312, -27.671720635106592], [152.4949083602431, -27.67172054510657], [152.49485804426055, -27.67162468710087], [152.4953823762261, -27.671441685151013], [152.49538298822614, -27.671441140151014], [152.49538410322623, -27.671439722151092], [152.4953849222263, -27.671438154151215], [152.4953785342358, -27.671367147149997], [152.4961083701822, -27.67115911522012], [152.49645024721917, -27.670560967249042], [152.4964606392856, -27.670016677245805], [152.49646932434098, -27.66956179724308], [152.49646876934125, -27.66956073624304], [152.4964676543415, -27.669559318242904], [152.49646645934175, -27.66955825424277], [152.49608687339577, -27.66945570920466], [152.49625019639896, -27.669287235219368], [152.49643258738496, -27.669239726236917], [152.49693684133953, -27.669163711285886], [152.497176333301, -27.66926412631024], [152.49747557624156, -27.669480813341337], [152.49729472125642, -27.66952026732392], [152.4971705142631, -27.669575316312102], [152.4971651782418, -27.66975105831298], [152.49729968820844, -27.669902480327373], [152.4975687361766, -27.669923218353983], [152.49770247816267, -27.66991794536708], [152.4977396901363, -27.670098279372148], [152.49746655514363, -27.670278311346717], [152.4973118351419, -27.670428598332684], [152.49724360110847, -27.670757276328573], [152.49714672706185, -27.671218734322675], [152.49699506898187, -27.671995802313862], [152.49683100484663, -27.67323100130744], [152.49668346282613, -27.673525194295244], [152.49648574884233, -27.673567962276152], [152.49659472887564, -27.673204181283978], [152.4965947218756, -27.67320411328401], [152.4965945278757, -27.673203468283994], [152.49647735790506, -27.67307005327137], [152.49626757294627, -27.67292142324964], [152.49626061794766, -27.672916325248874], [152.49569250801096, -27.67290429119293], [152.49397376821312, -27.672782065023036], [152.4931663383042, -27.67275592094346], [152.49229400140823, -27.672683150857118], [152.4916171414937, -27.67258790078987], [152.4914870705085, -27.672582158777008], [152.49148558050868, -27.672582776776864], [152.49148398850863, -27.672583769776725], [152.4914826145087, -27.672584992776635], [152.4914814995086, -27.672586410776546], [152.49148067850854, -27.67258797877643], [152.49148017550837, -27.672589649776402], [152.49148000550815, -27.672591373776413], [152.49148017550795, -27.67259309777647], [152.4914802525079, -27.67259335377644], [152.49160196847606, -27.672743066789568], [152.49170018545098, -27.67285970180017], [152.4915401484264, -27.67319845878711], [152.49091663350484, -27.673112547725115], [152.49091576050495, -27.673112755725032], [152.49091399850505, -27.673113486724883], [152.49091240650512, -27.673114479724727], [152.49091103250507, -27.673115702724587], [152.49090991750498, -27.673117120724495], [152.49090948450495, -27.67311794772447], [152.49089976640232, -27.67395395673008], [152.4894154934552, -27.674830630591067], [152.48929276845948, -27.674903117579582], [152.48866678152237, -27.674945964518376], [152.4886666585223, -27.674945972518394], [152.4886666065223, -27.6749460365184], [152.4885079635151, -27.67514332550431], [152.48805735253234, -27.67539986346209], [152.48774621658276, -27.67526684443043], [152.48752826662624, -27.67510668140778], [152.4875272546264, -27.67510644040766], [152.48752531862664, -27.675106289407477], [152.4875245696268, -27.675106347407418], [152.48663539967123, -27.675527874323297], [152.48663454467115, -27.675528962323263], [152.4866337226711, -27.675530530323204], [152.48663367967106, -27.675530674323163], [152.48665187564762, -27.675703906326326], [152.48666327963306, -27.67581097232828], [152.48666439163281, -27.67581239032841], [152.4866657656325, -27.67581361332858], [152.48666735863222, -27.675814601328703], [152.48691914860214, -27.675836014353624], [152.48714715056988, -27.67589594937653], [152.48719014456387, -27.67590725138079], [152.48722791655842, -27.675917180384634], [152.48725209555502, -27.67592353638704], [152.48741469653206, -27.67596627940334], [152.48772434347845, -27.67612693543502], [152.48925696435148, -27.67580598458314], [152.48934802434385, -27.675786909591935], [152.48933393432196, -27.675976406592042], [152.4885521173867, -27.676140139516498], [152.4885517183867, -27.67614038851644], [152.48855034438665, -27.676141611516343], [152.48854922938673, -27.676143029516254], [152.48854840738656, -27.67614459751616], [152.48854790438637, -27.676146268516124], [152.48854773538625, -27.67614799251613], [152.4885477973862, -27.676148626516145], [152.48866311534954, -27.676342943528972], [152.48878689632403, -27.676439664541927], [152.488947083297, -27.676517042558288], [152.4890198952675, -27.67669114256679], [152.48879198625133, -27.677021875546988], [152.48879186325112, -27.67702313154701], [152.48879203225093, -27.677024855547003], [152.48879225225076, -27.677025589547046], [152.4889404102141, -27.677191212562903], [152.4890723101815, -27.67733866157701], [152.48948724711607, -27.677501785619114], [152.48951827411213, -27.677506221622178], [152.4902609290182, -27.67761237869601], [152.4905010299818, -27.67769533072028], [152.49060469895497, -27.677820546731404], [152.49063072794817, -27.67785198573419], [152.4906447449289, -27.67799517473674], [152.49064942692252, -27.67804300473754], [152.49068952991337, -27.67808142474179], [152.49071766389736, -27.678185651745384], [152.49072841187896, -27.67832454174755], [152.49075881784765, -27.678551003752315], [152.49074188683213, -27.678690990751758], [152.49079981180165, -27.67888556175894], [152.49081955679455, -27.6789257767612], [152.49098031377656, -27.678929638777056], [152.491127595765, -27.67889325579125], [152.49119864175174, -27.67893802879859], [152.49130697571766, -27.679117247810606], [152.49139537170004, -27.679182030819838], [152.4913963176999, -27.679182136819886], [152.4915650526792, -27.67920099383665], [152.4916028386746, -27.679205216840366], [152.49160338967462, -27.679205085840447], [152.49160388667457, -27.679204879840515], [152.49185077467695, -27.67896875286292], [152.49185120567708, -27.67896732186291], [152.4918513746773, -27.678965597862945], [152.49185136867726, -27.678965539862947], [152.49167753973757, -27.678632008843213], [152.4916556947847, -27.678270920838262], [152.49180131981282, -27.677916277849754], [152.4918304448321, -27.677735732851225], [152.4917285078639, -27.67756808283991], [152.49220272181762, -27.67752555588618], [152.4922745008167, -27.677470295892796], [152.4924266908142, -27.677356838906867], [152.4926161968067, -27.677250865924638], [152.4928069567876, -27.677237378943286], [152.49282221277304, -27.67734125594563], [152.49284618576092, -27.677417922948557], [152.4929734097481, -27.677409923961008], [152.49306250675068, -27.67731089296901], [152.49314021175775, -27.677185442975677], [152.49329077075313, -27.677090342989715], [152.49339355074326, -27.677079939999693], [152.49350469073877, -27.67701884501017], [152.4935846907332, -27.67699401001786], [152.49375132470666, -27.677060887034763], [152.49382698368385, -27.677178595043117], [152.4938528606638, -27.67731750604672], [152.49388825363647, -27.677507504051693], [152.49381529063362, -27.677593676045205], [152.49367480863955, -27.67766885303197], [152.49351391865636, -27.677675193016224], [152.4933649496756, -27.67765121200137], [152.49331363168346, -27.677632338996197], [152.49321431369978, -27.677587840986114], [152.4931988426891, -27.677687607985366], [152.493230411674, -27.677781884989173], [152.49329914965426, -27.67788066899675], [152.49342376363987, -27.677887699009055], [152.49351997562607, -27.67791439001869], [152.49394818859113, -27.67782000706006], [152.49379234240754, -27.679437106057428], [152.49379236040747, -27.679437165057422], [152.49379318140723, -27.679438733057538], [152.493793874407, -27.679439614057625], [152.49381779040294, -27.67945171206002], [152.49487867222095, -27.67998831816854], [152.49552353901507, -27.681082381240504], [152.49553479401135, -27.681101476241786], [152.49574638399184, -27.68107341726239], [152.49576391899163, -27.681059814263985], [152.49591099298976, -27.68094571827754], [152.49613492699314, -27.680721966297785], [152.49627692700875, -27.680471593309825], [152.49640340899782, -27.680448697322046], [152.4965517859802, -27.68046075833673], [152.4966241769593, -27.680565368344666], [152.4964719059537, -27.680744504331095], [152.49632379593723, -27.681007059318585], [152.496192230928, -27.681197320307152], [152.49614424791886, -27.681312645303365], [152.49614051791568, -27.68134161930321], [152.49622233290276, -27.681374053311494], [152.4967189498267, -27.681551231361713], [152.4968641938051, -27.681598005376344], [152.49682534382137, -27.681500723371748], [152.49672613684507, -27.681397171361194], [152.49665017787518, -27.681221060352375], [152.49664006890146, -27.681018473349805], [152.49663025792688, -27.680821845347268], [152.496711163934, -27.680693282354234], [152.49682707693384, -27.680593190364828], [152.49699989191953, -27.680556527381526], [152.49713172489479, -27.68064088239516], [152.49713945587473, -27.680795802397135], [152.49701086485769, -27.68104564838643], [152.49696823483464, -27.68126822438398], [152.49700456580723, -27.68145783738908], [152.49708568877315, -27.681660857398665], [152.497086547773, -27.681661621398746], [152.49708813977273, -27.681662614398867], [152.49708990077244, -27.681663345399034], [152.49709177877222, -27.681663793399267], [152.49709371477198, -27.681663944399453], [152.4970956507718, -27.681663793399647], [152.49709752877166, -27.68166334539979], [152.4970976837716, -27.6816632813998], [152.49716617977185, -27.681601572406088], [152.49723338476704, -27.681580935412498], [152.49739187975197, -27.68156350442799], [152.49758233174256, -27.681472128446], [152.49767381473976, -27.681414473454517], [152.4978441667199, -27.68142453147133], [152.49805734368815, -27.681494403492866], [152.49817878866853, -27.681545650505207], [152.49821060566683, -27.681531109508224], [152.49839437565728, -27.68144712452564], [152.4984351256618, -27.681375139529052], [152.49850112366252, -27.681311034535042], [152.49860553465751, -27.681260324544933], [152.49866576065236, -27.681248631550744], [152.49871883865157, -27.681208237555634], [152.49871439765204, -27.68120823555522], [152.4987154326521, -27.681207805555328], [152.49871702465202, -27.68120681255546], [152.49871839965203, -27.681205589555553], [152.49871936665207, -27.681204359555682], [152.498730620661, -27.681121709556113], [152.49873053466106, -27.681121423556114], [152.49865735667754, -27.681052774548373], [152.49848549869608, -27.681054774531496], [152.49839361170737, -27.681044069522418], [152.49826727571457, -27.681096811510372], [152.4982296257321, -27.680988445505825], [152.4983106767355, -27.680889727513012], [152.49851257171932, -27.680843557532484], [152.49878859869776, -27.680775360559117], [152.49896367868425, -27.680730248575973], [152.49917355366065, -27.680736300596656], [152.4993253726414, -27.68075872661173], [152.49949528464083, -27.680613530627305], [152.49995333262447, -27.68034406767023], [152.49997492862371, -27.68033136267223], [152.50010359062932, -27.68017293768365], [152.50014748664026, -27.680045890687], [152.5001258036503, -27.679984160684352], [152.5001246646505, -27.679983147684254], [152.5001230726508, -27.679982154684076], [152.50012147865112, -27.679981492683932], [152.5000060666629, -27.679987793672602], [152.49825661184144, -27.680083291501358], [152.49825622484147, -27.680083452501332], [152.49825463284154, -27.680084445501183], [152.49825325784153, -27.680085668501025], [152.4982521488415, -27.68008708750093], [152.49824210983093, -27.68018068450073], [152.49824216083098, -27.680180854500698], [152.49824298183063, -27.680182422500813], [152.49824409683038, -27.68018384050095], [152.49824547183007, -27.68018506350106], [152.4982465358299, -27.680185726501204], [152.4982754668262, -27.680189863504054], [152.49827982680281, -27.680375059505938], [152.49763728088402, -27.680283171442067], [152.49753339292016, -27.680083751430278], [152.49762773590822, -27.68009724243968], [152.49762867290815, -27.680097018439742], [152.49763043390806, -27.68009628743991], [152.497632025908, -27.68009529444005], [152.497633400908, -27.68009407144019], [152.49763451590798, -27.68009265344029], [152.49763533690816, -27.680091085440342], [152.49763534690817, -27.68009105244035], [152.49762013492992, -27.679929090437597], [152.4975803709496, -27.679805285432714], [152.49747267797855, -27.679666247420993], [152.4975142459972, -27.679478833423637], [152.4975223890129, -27.67934575442342], [152.49742268105658, -27.67908086041148], [152.49742220305666, -27.679080435411436], [152.4972611430805, -27.679029496395202], [152.49712308810095, -27.678985832381322], [152.49697334912744, -27.678903745365947], [152.49695908814462, -27.67877745736355], [152.497028869157, -27.678617134369173], [152.4971801301449, -27.678581709383728], [152.49724430413792, -27.678581709390055], [152.49767925810153, -27.678493307432156], [152.49808234507734, -27.678334410470534], [152.4982774080717, -27.678209671488727], [152.49827814507174, -27.67820826348879], [152.4982602571039, -27.677964315485127], [152.49817125513337, -27.67780503047506], [152.49808569015988, -27.677666112465626], [152.49805716917786, -27.67754613646186], [152.4981641241812, -27.677426160471434], [152.49834951515862, -27.677445104489784], [152.49849836013442, -27.677509666504964], [152.4986989041018, -27.67759665252534], [152.4989841190817, -27.6775082485527], [152.49947611701722, -27.67759665260175], [152.4997328109618, -27.67781765962873], [152.50000125992497, -27.67787969365559], [152.50000313692485, -27.67787925065581], [152.50000489792467, -27.67787851965597], [152.50000648992471, -27.67787752665612], [152.50000758992468, -27.67787654765622], [152.50009645994584, -27.67762822466301], [152.50016776496784, -27.677388273668114], [152.50028185097258, -27.677249354678242], [152.50066689193469, -27.677217782715847], [152.50108945188944, -27.677211467757335], [152.50129581587558, -27.67714141177711], [152.5013735559563, -27.676423359779086], [152.50134292595405, -27.676468653776443], [152.5010894449842, -27.676447408751343], [152.501089444003, -27.676295857750162], [152.50090219504688, -27.676106420730296], [152.50058132808962, -27.67604327469825], [152.50035417011432, -27.676043274675912], [152.50035314111443, -27.67604370167579], [152.50035261311447, -27.67604403067572], [152.50021767810574, -27.67623271266393], [152.50010359112363, -27.676188510652402], [152.49990394013986, -27.676232712633087], [152.49984689715393, -27.676169566626978], [152.49988254916957, -27.676011701629292], [152.49988968019707, -27.675784376628187], [152.499787463236, -27.675559724616388], [152.49975420226266, -27.675373926611634], [152.49989681026366, -27.675241318624618], [152.5000060682447, -27.675298150635808], [152.50011072222387, -27.6753739266467], [152.50030324216613, -27.675670712667934], [152.50060915412115, -27.6757652176988], [152.50061012112107, -27.675765142698886], [152.50061040412103, -27.675765074698905], [152.5007637721166, -27.675666295713224], [152.5007645591167, -27.675664794713246], [152.50076506211687, -27.675663123713324], [152.50076522611704, -27.67566145271333], [152.5006740231493, -27.67548127470295], [152.50058132718365, -27.67528552169229], [152.50076773518384, -27.675120407709294], [152.50109646215225, -27.675086753741354], [152.5010978921522, -27.675085861741493], [152.5010992661522, -27.675084638741644], [152.50110038115233, -27.675083220741737], [152.50110120315233, -27.675081652741785], [152.5011012311524, -27.67508156074178], [152.50108943316826, -27.674963474739727], [152.50092358722083, -27.674685629721203], [152.50083089225674, -27.674477245710477], [152.50046011032998, -27.67421202867191], [152.50011072239462, -27.673997328635906], [152.5000060674405, -27.673719481623436], [152.50012498344796, -27.673555298633865], [152.5003468734229, -27.673562957655673], [152.50075245737264, -27.67361213169598], [152.5008594123688, -27.673548983706013], [152.50124445431445, -27.673650019744652], [152.5015510612497, -27.673902607776753], [152.50164169223441, -27.673946654786022], [152.5017087443039, -27.673327301787765], [152.50164300231046, -27.673331684781303], [152.50087500940737, -27.673224556704987], [152.50002871150852, -27.673151927621223], [152.49886955363655, -27.67313614450709], [152.49903967063955, -27.67296281752249], [152.49956039857545, -27.673022679574164], [152.50010733551278, -27.6730478466281], [152.5007716554417, -27.673038645693353], [152.50114995341616, -27.672912451729538], [152.50159227035346, -27.673030003773956], [152.50173896133526, -27.673048189788553], [152.50179462539302, -27.67253402278999], [152.50170079940497, -27.672519677780638], [152.5014654964399, -27.672443899756928], [152.50100915147235, -27.67258282571311], [152.50069541350499, -27.67259545568238], [152.50057419753696, -27.672443900669265], [152.50063060155304, -27.672264837673378], [152.50089506553573, -27.67217236369868], [152.50119519650002, -27.672197088728396], [152.5011953495, -27.67219705272838], [152.50119711149992, -27.672196321728546], [152.50119870349985, -27.67219532872874], [152.50120007749987, -27.672194105728845], [152.50120119249982, -27.67219268772893], [152.50120167249997, -27.672191770729004], [152.5012016725188, -27.672039971727774], [152.50120148651888, -27.67203961672776], [152.50108940654124, -27.67195765971613], [152.50076671859438, -27.671812418683217], [152.50073106561075, -27.67171138067895], [152.5004800076618, -27.67151991865275], [152.50047880466195, -27.671519631652636], [152.50047686866222, -27.671519480652456], [152.5004749326624, -27.67151963165226], [152.5004730556625, -27.671520079652055], [152.5004712936627, -27.671520810651888], [152.5004705346627, -27.671521283651813], [152.50020541264303, -27.671912615628877], [152.5001535046391, -27.671989234624334], [152.49983263664737, -27.672203937594453], [152.49956168268005, -27.672178678567626], [152.4991980317008, -27.672330233533074], [152.49902690269352, -27.672538622517898], [152.49880551471256, -27.672579445496464], [152.4985491667706, -27.67233654846934], [152.49812134282732, -27.672254455426625], [152.49782316585976, -27.672254455397308], [152.4978221368598, -27.67225488239718], [152.49782121385982, -27.672255458397146], [152.49768638884885, -27.672462844385514], [152.49762934582364, -27.67271543638188], [152.49775769278776, -27.672892249395872], [152.49808569174274, -27.67296802742871], [152.49822829971149, -27.67309432244376], [152.49838516664974, -27.673454263462002], [152.49845162659406, -27.673845429471594], [152.498263950616, -27.673833145453013], [152.49816851667603, -27.673432718440502], [152.49806968469932, -27.673331996429972], [152.49788604074251, -27.673144840410476], [152.49763036578122, -27.673056784384663], [152.4976290257813, -27.6730568893845], [152.49762847478138, -27.673057020384487], [152.4974796067851, -27.673157469370647], [152.4974083037662, -27.673372171365305], [152.49742958972737, -27.673667501369696], [152.49742975472728, -27.67366781736972], [152.497430869727, -27.673669235369854], [152.49743121872686, -27.673669546369897], [152.49761074569884, -27.673738076388048], [152.49789317065557, -27.6738394614166], [152.49806429961893, -27.67398469943459], [152.49805716959693, -27.67416782543535], [152.49793595259925, -27.674256231424092], [152.49775873061233, -27.67430587340709], [152.49716683165613, -27.67447166935017], [152.4970090016671, -27.674521448335042], [152.4968801576727, -27.674589733322907], [152.49687996167273, -27.674589837322916], [152.49696182570003, -27.67429785232868], [152.49710706977902, -27.673533571336925], [152.49711365479703, -27.673382854336385], [152.49731634791974, -27.672215090347144], [152.4974185579877, -27.67157788935224], [152.49752718305652, -27.670927897357778], [152.49767926208273, -27.670583375370043], [152.49803059604767, -27.670556985404378], [152.4985292699811, -27.670656434454173], [152.4988428779526, -27.67061179948468], [152.49841080804086, -27.670279334439595], [152.4982671850701, -27.67016882142457], [152.49813562710912, -27.669970165410117], [152.49847657511165, -27.669650197441086], [152.498770223155, -27.66904345746524], [152.49918028314275, -27.66878288850347], [152.49964779215995, -27.668234382545155], [152.4996690581586, -27.668226311547148], [152.49963033716674, -27.66819473654312], [152.49962933816684, -27.668194498543038], [152.49850125026447, -27.668397064433716], [152.4985005902644, -27.66839747643367], [152.49820372422877, -27.668945225408734], [152.4977398353302, -27.668534382359905], [152.4977397843302, -27.668534361359892], [152.4977384383304, -27.668534040359802], [152.4976089463417, -27.66855729334725], [152.49749532536708, -27.668451608335197], [152.49749498436722, -27.66845146633519], [152.49749387436728, -27.668451201335102], [152.49719433439395, -27.668498574305996], [152.49708704542567, -27.668337040294215], [152.49690465545498, -27.66826102427564], [152.4965076884864, -27.668356044237346], [152.4961965525509, -27.66810899220487], [152.49559573661736, -27.668099490145725], [152.49528460061475, -27.668394052117474], [152.49463014267656, -27.668470068053704], [152.4944692097152, -27.66829903203656]], [[152.49362890095233, -27.675187793008025], [152.493834787949, -27.67503375302704], [152.49418119094346, -27.67477458305907], [152.494213221943, -27.674750617062013], [152.49487695791322, -27.67440809012459], [152.49511821989287, -27.674360675147895], [152.49562546182943, -27.674427411198295], [152.49568193881913, -27.674460241204113], [152.49591791577643, -27.674597412228394], [152.4960693177491, -27.674685421243993], [152.49550171475911, -27.67510227419145], [152.49551826970205, -27.675547746196536], [152.4951604677101, -27.675797210163367], [152.49529824463997, -27.67624155718037], [152.49576255656967, -27.676400633227257], [152.49598577149357, -27.676818413252505], [152.49600061946302, -27.677052516255763], [152.49584454246394, -27.677181544241435], [152.49557600448514, -27.677246302215554], [152.49497271855614, -27.67720308315596], [152.49478822959665, -27.677038054136496], [152.49455111863224, -27.67695958911258], [152.49405976167313, -27.677061286065065], [152.49381739370506, -27.67701616404087], [152.49358155074398, -27.67690894701685], [152.49344580377942, -27.676742738002208], [152.4934367158377, -27.67628100299772], [152.49362890095233, -27.675187793008025]], [[152.49673901366657, -27.67476347331044], [152.49683551364598, -27.674844316320527], [152.4968360786459, -27.67484478932058], [152.49693364662514, -27.67492652533085], [152.4969324765936, -27.67518163533268], [152.49685299856637, -27.675471249327206], [152.49686485453344, -27.675726406330345], [152.49708506047628, -27.67599391535412], [152.49714944544908, -27.676156495361713], [152.4971225964304, -27.67633034036044], [152.4969392334232, -27.676549999344125], [152.49670329140866, -27.67687383332344], [152.49666272737275, -27.677198376322032], [152.4966877163413, -27.677430389326336], [152.4966216323227, -27.677638878321453], [152.4966458752711, -27.678033234326954], [152.49669696623812, -27.67825374633371], [152.4966962222181, -27.678416088334846], [152.4964881872509, -27.67833415931378], [152.4962467992866, -27.678258427289432], [152.4962457802867, -27.678258507289335], [152.4962439022868, -27.6782589552892], [152.49624214128687, -27.678259686289028], [152.49624054928694, -27.678260679288833], [152.49623917428693, -27.678261902288746], [152.4962384002869, -27.67826288728865], [152.4962395752877, -27.678256161288733], [152.49618902829513, -27.678240303283662], [152.49673901366657, -27.67476347331044]], [[152.49272890501518, -27.67547032292176], [152.49293714697586, -27.67560540094331], [152.49285749295709, -27.675826446937183], [152.49271058895425, -27.67597850192393], [152.49265575194624, -27.67609110891945], [152.49259347394118, -27.676185872914044], [152.4924467319542, -27.676209789899833], [152.492294365999, -27.67598295988305], [152.49202205903762, -27.675910106855756], [152.49188242307437, -27.67573650484066], [152.49189867108225, -27.67565825384165], [152.492089661071, -27.675582073859815], [152.49227237805601, -27.675542039877456], [152.49261882303367, -27.67541794491055], [152.49272890501518, -27.67547032292176]]]}, "properties": {"_sublayer": "Koala habitat area (core)", "source": "QLD DETSI KoalaPlan MapServer layer 3"}}, {"type": "Feature", "id": 24437, "geometry": {"type": "Polygon", "coordinates": [[[152.48290087370398, -27.670475215916728], [152.48299210870925, -27.670352729924723], [152.48313646872228, -27.670121346937062], [152.48316333672523, -27.670074001939355], [152.4831652397751, -27.66966962493637], [152.48292354183732, -27.669380186910367], [152.48267207084518, -27.669536824886855], [152.4827525478307, -27.66958308689512], [152.48277408881052, -27.66972710989839], [152.48279729478875, -27.66988226490184], [152.48288551370604, -27.670472068915164], [152.48288847470334, -27.670491861915643], [152.48290087370398, -27.670475215916728]]]}, "properties": {"_sublayer": "Koala habitat area (core)", "source": "QLD DETSI KoalaPlan MapServer layer 3"}}, {"type": "Feature", "id": 24438, "geometry": {"type": "Polygon", "coordinates": [[[152.49282151771249, -27.669766181886114], [152.4928232797124, -27.669765450886263], [152.49282487171234, -27.669764457886416], [152.49282624571237, -27.669763234886528], [152.49282736071245, -27.669761816886655], [152.4928281817125, -27.669760248886714], [152.49282868471266, -27.66975857788674], [152.49282868871265, -27.669758531886707], [152.49276457474636, -27.669542983878742], [152.4927645007465, -27.669542888878716], [152.49276359974664, -27.669542086878636], [152.49238720880206, -27.6694249878407], [152.49239831981214, -27.66933458284111], [152.492004120819, -27.669624614804643], [152.49234658777434, -27.669684148838776], [152.49282023471264, -27.669766487885994], [152.49282151771249, -27.669766181886114]]]}, "properties": {"_sublayer": "Koala habitat area (core)", "source": "QLD DETSI KoalaPlan MapServer layer 3"}}, {"type": "Feature", "id": 24439, "geometry": {"type": "Polygon", "coordinates": [[[152.4927205907958, -27.669183163871576], [152.4927207727958, -27.669183087871584], [152.49272236479575, -27.669182094871793], [152.49272373879577, -27.669180871871877], [152.49272485379578, -27.669179453871973], [152.49272567479593, -27.66917788587202], [152.49272593179603, -27.669177035872053], [152.49266345284528, -27.668834597863267], [152.49261670588425, -27.668560857856498], [152.49261590988448, -27.668559846856425], [152.49261453588474, -27.66855862385625], [152.49261294388504, -27.668557630856068], [152.4926111818853, -27.668556899855904], [152.49261105988538, -27.668556869855923], [152.49251760889462, -27.668564370846777], [152.49257851782946, -27.6690364258565], [152.49257250981918, -27.66912451685656], [152.49252918381498, -27.669196659852876], [152.4927205907958, -27.669183163871576]]]}, "properties": {"_sublayer": "Koala habitat area (core)", "source": "QLD DETSI KoalaPlan MapServer layer 3"}}, {"type": "Feature", "id": 24626, "geometry": {"type": "Polygon", "coordinates": [[[152.47981933225353, -27.67681434566368], [152.47982388325312, -27.67681443066414], [152.4798226562532, -27.676814939664045], [152.47982106425317, -27.676815932663917], [152.47981969025324, -27.676817155663752], [152.47981875825317, -27.676818340663694], [152.47979008123147, -27.677017952662396], [152.47955757025227, -27.677055242639877], [152.4789410173071, -27.677154122580085], [152.47759813940405, -27.677551138451296], [152.47759712440404, -27.677552041451214], [152.47759601040397, -27.677553459451072], [152.4775951884039, -27.677555027451014], [152.4775948134038, -27.677556272451007], [152.4777253533201, -27.678116767468232], [152.47808680024878, -27.67837435450572], [152.47815865223924, -27.678388098512887], [152.47856553621844, -27.678198287551382], [152.47874772619426, -27.67823376156957], [152.47903285412568, -27.678536331599947], [152.4791640090982, -27.678643381613657], [152.47916554509803, -27.6786437476138], [152.47916748109776, -27.678643898614045], [152.47916941709758, -27.678643747614185], [152.47917123509743, -27.678643313614412], [152.47930582309726, -27.678526618626684], [152.479491664097, -27.67836548464368], [152.47949177709694, -27.678365269643702], [152.4794922800971, -27.67836359864372], [152.47949233109722, -27.67836308064373], [152.47942489312857, -27.678169341635606], [152.47942373712877, -27.67816831363548], [152.47942363612887, -27.678168250635466], [152.4793693351364, -27.678155416630005], [152.47913283416904, -27.678099521606345], [152.4791091882122, -27.67777169360148], [152.4794080481602, -27.677929146632057], [152.4796278991219, -27.678044971654522], [152.4796289421218, -27.678045052654692], [152.48038861607534, -27.67775219472699], [152.4806297160314, -27.67789531475183], [152.4817546089286, -27.677736746861086], [152.48189844591545, -27.67771647387503], [152.48228918785404, -27.677869099914606], [152.48229097085388, -27.67786896091484], [152.4822915118538, -27.677868831914882], [152.48287325483903, -27.677477068968933], [152.48308782688935, -27.67688285298539], [152.4830877648894, -27.67688222298538], [152.48308726188966, -27.67688055198532], [152.48308643989, -27.6768789839852], [152.48308532489023, -27.67687756598508], [152.48308395089055, -27.676876342984958], [152.48308235889084, -27.676875349984783], [152.48308153889099, -27.676875009984713], [152.48309059789003, -27.676875177985583], [152.4831569639051, -27.67669477599069], [152.4832245378976, -27.676696031997352], [152.4832257648975, -27.676695521997463], [152.48322735689746, -27.67669452899759], [152.48322873089748, -27.676693305997745], [152.48322984589757, -27.676691887997837], [152.48323066789763, -27.676690319997892], [152.4832311708978, -27.676688648997935], [152.48323133989805, -27.676686924997913], [152.48323117089822, -27.676685200997927], [152.48323066789848, -27.67668352999786], [152.4832298458988, -27.676681961997748], [152.48322945089888, -27.676681458997738], [152.48278241697872, -27.676430037951803], [152.48206745407424, -27.67628744388042], [152.48207115428264, -27.6746032838676], [152.482488552283, -27.674233168905698], [152.48312740728497, -27.673657077963934], [152.48312790928503, -27.673655405963967], [152.48312807928525, -27.673653681964005], [152.48312790928549, -27.67365195796397], [152.4831274062858, -27.673650286963895], [152.48312658528602, -27.673648718963786], [152.4831254702864, -27.673647300963644], [152.4831240962867, -27.67364607796354], [152.48312393328675, -27.673645975963524], [152.48292449731414, -27.67359990794354], [152.48258013735256, -27.673592224909676], [152.48180407043913, -27.673574910833292], [152.48180280443918, -27.673575435833143], [152.48180121243925, -27.673576428833016], [152.48180004443932, -27.67357746983291], [152.4816858874107, -27.673907849824275], [152.48146358841205, -27.674092555803906], [152.48131927340046, -27.674312340791417], [152.4811887494076, -27.67436983277903], [152.48116363043474, -27.67417260477502], [152.48124309546057, -27.673894596780627], [152.48124451949772, -27.67359310377841], [152.4814048875175, -27.673292989791847], [152.48121509866235, -27.672291666765325], [152.4814010396607, -27.672141071782438], [152.4818992936179, -27.67204938583065], [152.48189942461784, -27.67204936183068], [152.48189948261782, -27.67204926783065], [152.4819938836266, -27.671896040838742], [152.48199396162667, -27.671895245838723], [152.48199379162688, -27.671893521838733], [152.48199328862722, -27.67189185083867], [152.48199246762744, -27.671890282838554], [152.48199135262772, -27.671888864838422], [152.48198997862812, -27.671887641838328], [152.48198885562823, -27.671886941838157], [152.48057860480552, -27.67169451069813], [152.48057774580568, -27.671694715698038], [152.48057598380578, -27.67169544669786], [152.48057513180572, -27.671695978697798], [152.4805574428044, -27.67172270969625], [152.48010014687048, -27.671590468650276], [152.47846680906164, -27.67148278348898], [152.47846654506162, -27.671482892488942], [152.4781300990596, -27.671794746458353], [152.4781296290594, -27.6717963074583], [152.4781294590593, -27.6717980314583], [152.47812961305905, -27.67179959645832], [152.47848970195992, -27.672283208497536], [152.47849004595983, -27.67228342349757], [152.47849173795962, -27.672284125497704], [152.4796313058447, -27.672210685609087], [152.47984353083368, -27.672112747629157], [152.4799887398348, -27.671976540642383], [152.4803139737892, -27.672058933674993], [152.48062563273066, -27.672257235707175], [152.48065047669635, -27.672512442711575], [152.48005573276473, -27.672483281652923], [152.48005419476482, -27.672483920652788], [152.48005334276476, -27.672484451652714], [152.4799121477537, -27.67269780964053], [152.47994264048924, -27.67480524366004], [152.47994306048906, -27.674806046660123], [152.47994417548878, -27.67480746466019], [152.47994487148858, -27.674808084660302], [152.47994267048898, -27.674807339660063], [152.47993267448115, -27.67487940565968], [152.48007403243832, -27.675100312675266], [152.48031200039526, -27.675238419699724], [152.48056143036678, -27.67524967572431], [152.4806856213538, -27.675244790736468], [152.48077365033163, -27.675346661745937], [152.4807673193186, -27.675457510746202], [152.4808085592999, -27.675571755751104], [152.48082944228995, -27.675634133753697], [152.48083362328018, -27.675709221754655], [152.47998948537762, -27.67566399667138], [152.4799846243782, -27.675663736670913], [152.4798741673971, -27.675608508659625], [152.47971805041922, -27.675567248643965], [152.47958716043473, -27.675556597631005], [152.479517083425, -27.675696286625247], [152.4795844393828, -27.675978038634053], [152.47967754433267, -27.676300911645757], [152.47978959529226, -27.676528238658555], [152.4798453562732, -27.676633186664862], [152.47981933225353, -27.67681434566368]], [[152.4798453562732, -27.676633186664862], [152.47984620827378, -27.67662725466487], [152.47984636327377, -27.676627769664904], [152.47984718527346, -27.676629337665], [152.4798483002732, -27.676630755665077], [152.4798496742729, -27.67663197866525], [152.4798512662726, -27.676632971665434], [152.47985208627244, -27.676633311665494], [152.4798453562732, -27.676633186664862]]]}, "properties": {"_sublayer": "Koala habitat area (core)", "source": "QLD DETSI KoalaPlan MapServer layer 3"}}, {"type": "Feature", "id": 24627, "geometry": {"type": "Polygon", "coordinates": [[[152.4844073404383, -27.67129653207119], [152.48440596643854, -27.671295309071006], [152.4844045394388, -27.671294419070904], [152.4839647484923, -27.671249255027305], [152.4834495075614, -27.67114402297584], [152.48344790456153, -27.671144405975728], [152.4834461425616, -27.671145136975557], [152.48344455056167, -27.671146129975355], [152.48344317656165, -27.671147352975268], [152.48344296756167, -27.67114761797524], [152.48335150253058, -27.671478891968857], [152.4833174495345, -27.671477079965513], [152.48316098850046, -27.671889212953364], [152.48357022144828, -27.67195047299406], [152.48392164040598, -27.67198327902881], [152.48440765534775, -27.67202633207693], [152.48479450030047, -27.67206810611528], [152.4850264622783, -27.672043432137844], [152.48496430530918, -27.671848973130217], [152.48485251135295, -27.671594288117266], [152.48474561338395, -27.67143786310555], [152.4844849694226, -27.671354851079265], [152.48440768743845, -27.671294742071204], [152.48440815743808, -27.671297571071253], [152.4844073404383, -27.67129653207119]]]}, "properties": {"_sublayer": "Koala habitat area (core)", "source": "QLD DETSI KoalaPlan MapServer layer 3"}}, {"type": "Feature", "id": 24629, "geometry": {"type": "Polygon", "coordinates": [[[152.50201603762258, -27.670488812795707], [152.5015495266827, -27.670413223749236], [152.50111488574635, -27.670281770705472], [152.50108943674894, -27.670283350702988], [152.5009435877636, -27.67029239968869], [152.50077947178022, -27.670302580672672], [152.50071626678655, -27.670306503666442], [152.5004979748002, -27.670388057645646], [152.50014821982202, -27.670518725612276], [152.50000606883094, -27.67057183359874], [152.49971121984942, -27.67068198857058], [152.4997081848433, -27.67073309457068], [152.4997088938431, -27.670734448570762], [152.49971000884284, -27.670735866570897], [152.49971138284255, -27.670737089571013], [152.49971259584234, -27.670737845571164], [152.50000606780577, -27.67077504060031], [152.50167787359754, -27.67098693676635], [152.5016963635896, -27.67103523676855], [152.5017984655546, -27.671227902780082], [152.50171515753271, -27.671477790773885], [152.50175902550916, -27.67162871977936], [152.50188932949112, -27.671659231792432], [152.50201603762258, -27.670488812795707]]]}, "properties": {"_sublayer": "Koala habitat area (core)", "source": "QLD DETSI KoalaPlan MapServer layer 3"}}, {"type": "Feature", "id": 43662, "geometry": {"type": "Polygon", "coordinates": [[[152.48621047067365, -27.675881215284374], [152.48621015767372, -27.675881019284308], [152.486208396674, -27.67588028828413], [152.48620651867432, -27.675879840283958], [152.48620458267445, -27.675879689283775], [152.48620264667466, -27.67587984028358], [152.48620076867488, -27.675880288283377], [152.48619900767497, -27.675881019283217], [152.486197415675, -27.675882012283072], [152.48619640267503, -27.67588291328295], [152.48617727667067, -27.675934129281508], [152.4860733856475, -27.6762123242735], [152.4860335006386, -27.676319125270386], [152.4860753316052, -27.67655202727631], [152.48610286858323, -27.67670534728026], [152.4861144725739, -27.676769956281902], [152.4864069875085, -27.67704116931279], [152.48659013246746, -27.67721097833212], [152.48659045646738, -27.677211111332113], [152.48659183646726, -27.677211441332283], [152.4867875864504, -27.677175672351208], [152.48689128443576, -27.677202465361642], [152.4869501484171, -27.677301715368195], [152.48703864539428, -27.677407677377694], [152.48702671836972, -27.677615769378196], [152.48718836833356, -27.677765647395255], [152.48733987929964, -27.677906123411205], [152.48810093221206, -27.677944387486303], [152.48858908514015, -27.678095849535502], [152.4886109020868, -27.678507440540844], [152.48863157303623, -27.678897413545936], [152.48863287203295, -27.678921919546298], [152.48863312803286, -27.67892240454631], [152.48863424203262, -27.67892382254644], [152.48863561703234, -27.67892504554655], [152.48863720903202, -27.678926038546724], [152.4886382890318, -27.678926478546845], [152.4887595030187, -27.678925927558726], [152.4888330789951, -27.679051640566932], [152.4888703639617, -27.679287879572467], [152.4891979159016, -27.679485552606202], [152.48934821687396, -27.679576255621686], [152.48978689375355, -27.680162248669436], [152.48996948972513, -27.680231818687922], [152.49012280671505, -27.68017772670253], [152.49012338771504, -27.6801772087026], [152.49012450271513, -27.68017579070268], [152.4901253237153, -27.680174222702806], [152.49012582671537, -27.680172551702828], [152.4901260067156, -27.68017082170282], [152.4900705037349, -27.680063787696543], [152.49016183174356, -27.6799142787043], [152.49029742773075, -27.679898136717508], [152.49053751970817, -27.67986955574089], [152.49053853573517, -27.679650557739304], [152.49046261879062, -27.679269904728812], [152.49021784985035, -27.679003896702692], [152.48992139991844, -27.678714644671263], [152.4896502579681, -27.678552274643344], [152.48957396901358, -27.678252306633517], [152.48970430102221, -27.678068362644865], [152.4900675140011, -27.677919856679374], [152.49039124496713, -27.677909520711115], [152.49044754495836, -27.677930868716835], [152.49063450592925, -27.678001759735764], [152.49063618092913, -27.678001628735945], [152.49063805892888, -27.678001180736096], [152.49063981992882, -27.678000449736277], [152.49064141192875, -27.677999456736416], [152.49064278692876, -27.67799823373656], [152.49064390092886, -27.67799681573664], [152.49064472292892, -27.6779952477367], [152.4906447449289, -27.67799517473674], [152.49063072794817, -27.67785198573419], [152.49060469895497, -27.677820546731404], [152.4905010299818, -27.67769533072028], [152.4902609290182, -27.67761237869601], [152.48951827411213, -27.677506221622178], [152.48948724711607, -27.677501785619114], [152.4890723101815, -27.67733866157701], [152.4889404102141, -27.677191212562903], [152.4887525102282, -27.677242356544834], [152.48861225426072, -27.677103193529973], [152.48840547130627, -27.676917570508206], [152.48819838234365, -27.67679796548691], [152.488087944377, -27.676625901474686], [152.48787344041517, -27.67650627145268], [152.48779995944122, -27.67636075144435], [152.48785312945574, -27.676197069448225], [152.48785309945575, -27.676196761448242], [152.48785259645598, -27.676195090448164], [152.48785177445632, -27.676193522448123], [152.48785114645656, -27.676192725448008], [152.48772434347845, -27.67612693543502], [152.48741469653206, -27.67596627940334], [152.48725209555502, -27.67592353638704], [152.4870971865638, -27.675988431372357], [152.48692677758663, -27.67595479135532], [152.4866899656141, -27.675940733331952], [152.48668920261414, -27.675941049331847], [152.48660011361252, -27.676032807323804], [152.48656967859537, -27.676197746322114], [152.48650982858794, -27.676309762317118], [152.48638345059356, -27.67637531530521], [152.48620568761874, -27.676328440287364], [152.48616894863179, -27.676255680283223], [152.48631747064408, -27.676026509296012], [152.48631756964414, -27.676025505296003], [152.4863174146443, -27.676023917295947], [152.48621047067365, -27.675881215284374]]]}, "properties": {"_sublayer": "Koala habitat area (core)", "source": "QLD DETSI KoalaPlan MapServer layer 3"}}, {"type": "Feature", "id": 48115, "geometry": {"type": "Polygon", "coordinates": [[[152.49598577149357, -27.676818413252505], [152.49576255656967, -27.676400633227257], [152.49529824463997, -27.67624155718037], [152.4951604677101, -27.675797210163367], [152.49551826970205, -27.675547746196536], [152.49550171475911, -27.67510227419145], [152.4960693177491, -27.674685421243993], [152.49591791577643, -27.674597412228394], [152.49568193881913, -27.674460241204113], [152.49562546182943, -27.674427411198295], [152.49511821989287, -27.674360675147895], [152.49487695791322, -27.67440809012459], [152.494213221943, -27.674750617062013], [152.49418119094346, -27.67477458305907], [152.493834787949, -27.67503375302704], [152.49362890095233, -27.675187793008025], [152.4934367158377, -27.67628100299772], [152.49344580377942, -27.676742738002208], [152.49358155074398, -27.67690894701685], [152.49381739370506, -27.67701616404087], [152.49405976167313, -27.677061286065065], [152.49455111863224, -27.67695958911258], [152.49478822959665, -27.677038054136496], [152.49497271855614, -27.67720308315596], [152.49557600448514, -27.677246302215554], [152.49584454246394, -27.677181544241435], [152.49600061946302, -27.677052516255763], [152.49598577149357, -27.676818413252505]]]}, "properties": {"_sublayer": "Koala habitat area (core)", "source": "QLD DETSI KoalaPlan MapServer layer 3"}}, {"type": "Feature", "id": 59888, "geometry": {"type": "Polygon", "coordinates": [[[152.49074188683213, -27.678690990751758], [152.49073445482523, -27.678752438751516], [152.49079981180165, -27.67888556175894], [152.49074188683213, -27.678690990751758]]]}, "properties": {"_sublayer": "Koala habitat area (core)", "source": "QLD DETSI KoalaPlan MapServer layer 3"}}, {"type": "Feature", "id": 59889, "geometry": {"type": "Polygon", "coordinates": [[[152.49102579965847, -27.679841882788697], [152.49099877468106, -27.679683245784776], [152.49086332072847, -27.679420145769416], [152.49067418477256, -27.679230517749343], [152.4904956518176, -27.67902348273015], [152.49041429185772, -27.678771844720174], [152.49038659188204, -27.678599643716115], [152.4901608989165, -27.678520187693312], [152.48998268194183, -27.67847283967542], [152.48984957496407, -27.67841012366184], [152.48978980597656, -27.67836150965556], [152.48975607098808, -27.678298278651777], [152.48976778299567, -27.678226461652372], [152.48970430102221, -27.678068362644865], [152.48957396901358, -27.678252306633517], [152.4896502579681, -27.678552274643344], [152.48992139991844, -27.678714644671263], [152.49021784985035, -27.679003896702692], [152.49046261879062, -27.679269904728812], [152.49053853573517, -27.679650557739304], [152.49053751970817, -27.67986955574089], [152.49029742773075, -27.679898136717508], [152.49036221670764, -27.680027720724933], [152.49035596869993, -27.680095457724843], [152.49045423469354, -27.6800607857342], [152.49102664259277, -27.68037028379293], [152.4910415035987, -27.680310174793917], [152.491056787616, -27.680156667794208], [152.49102579965847, -27.679841882788697]]]}, "properties": {"_sublayer": "Koala habitat area (core)", "source": "QLD DETSI KoalaPlan MapServer layer 3"}}, {"type": "Feature", "id": 63723, "geometry": {"type": "Polygon", "coordinates": [[[152.48824412468883, -27.6659080954059], [152.4878883167862, -27.665434821367217], [152.48788829578623, -27.66543479336722], [152.4878882667862, -27.665434790367257], [152.48734988085238, -27.665374171313857], [152.486501253913, -27.66562936523244], [152.48595921988817, -27.666305272184506], [152.4850543349816, -27.66634593509589], [152.4849972399839, -27.66637738909055], [152.48471268302077, -27.666330038062174], [152.48423997505887, -27.666436730016596], [152.48380917610427, -27.666448501974337], [152.48348273915425, -27.66633180794138], [152.48319404319324, -27.6662706259125], [152.48306759020252, -27.66630669190037], [152.4829664241752, -27.666616388892837], [152.48295639412873, -27.667000224894878], [152.48305819606745, -27.66740556790809], [152.48314799802273, -27.667687024919076], [152.48341971095527, -27.66799241294819], [152.483736468916, -27.668031764979606], [152.48381549992834, -27.667862841986068], [152.48385616496773, -27.667508888987292], [152.48391376900676, -27.667143907990056], [152.48405617602856, -27.666842950001733], [152.48428065802582, -27.66666830302242], [152.48446452001247, -27.666614431040042], [152.48468004898945, -27.66661113106118], [152.48477170096905, -27.66669561107086], [152.48487072194663, -27.666789347081313], [152.48486996694547, -27.666798634081324], [152.4848503799177, -27.667039660081315], [152.4853348438081, -27.66749872913251], [152.4843574128597, -27.66794091303995], [152.4842867458621, -27.667983308033318], [152.48417787581187, -27.668484611026567], [152.48427369074776, -27.66891774003938], [152.484173431753, -27.6689628130299], [152.48396496074324, -27.66922491901145], [152.48383953574978, -27.669281670999553], [152.48366024579485, -27.669076278980338], [152.48346803084428, -27.668845485959615], [152.4831731038705, -27.66889336293106], [152.4829142689044, -27.66884654990522], [152.4826528569451, -27.668748020878798], [152.48242223599283, -27.668565373854683], [152.48211958303906, -27.668458103824104], [152.4818795960531, -27.6685556338013], [152.48195194201017, -27.668837778810637], [152.48205286596576, -27.669108435822668], [152.48224394293362, -27.66919936984218], [152.4824691559, -27.66927341486484], [152.4825560208774, -27.669378811874225], [152.48262671885342, -27.669510753882207], [152.48267207084518, -27.669536824886855], [152.48292354183732, -27.669380186910367], [152.4831652397751, -27.66966962493637], [152.48316333672523, -27.670074001939355], [152.4832415387337, -27.66993620094596], [152.48350137168813, -27.6700763229726], [152.48352616665235, -27.670343125977116], [152.48348578362229, -27.6706212819753], [152.48355632160346, -27.670710732982943], [152.48356558360618, -27.670680989983644], [152.48381338670427, -27.66967204000005], [152.4844655987403, -27.668808863057386], [152.4850020147658, -27.668132624104754], [152.4850361047674, -27.66808964610781], [152.48617372373258, -27.66737253121392], [152.48698557568855, -27.667014869290902], [152.48820082655575, -27.667019362410368], [152.48884761544934, -27.66731028547624], [152.48965610931634, -27.667673933558575], [152.49014715923306, -27.667914756608674], [152.49054529116555, -27.668110008649368], [152.4906693981354, -27.668243723662613], [152.49067199113594, -27.6682380446628], [152.4905592701763, -27.66801075164998], [152.4904274122002, -27.667933494636355], [152.4903892542289, -27.667736219631113], [152.49024832029733, -27.667307681613853], [152.49024705729755, -27.667306557613713], [152.49024677129768, -27.66730637961371], [152.48981861535592, -27.66721229557087], [152.48969095037577, -27.667163881557954], [152.4895715873944, -27.667118616545885], [152.49016392535523, -27.666914450602494], [152.4900652503778, -27.66681881559207], [152.48978910842774, -27.666658697563673], [152.48951915446153, -27.66662269453681], [152.48938370847563, -27.66662842052359], [152.48938275047695, -27.666618746523405], [152.48936801749693, -27.66646996752075], [152.48935710250137, -27.66644401651948], [152.48824412468883, -27.6659080954059]]]}, "properties": {"_sublayer": "Koala habitat area (core)", "source": "QLD DETSI KoalaPlan MapServer layer 3"}}, {"type": "Feature", "id": 63724, "geometry": {"type": "Polygon", "coordinates": [[[152.49503306787108, -27.6665479050782], [152.49497247091034, -27.66628428107018], [152.49493988394943, -27.665996845064768], [152.4950649829787, -27.66565129007432], [152.49507772100915, -27.665394508073554], [152.49501339204, -27.66520240106575], [152.49503817204825, -27.665113835067437], [152.4950823830606, -27.664975842070753], [152.49502711708604, -27.664819063064076], [152.4947386251088, -27.664888826036268], [152.49456044910846, -27.665048318019966], [152.4945553900671, -27.66538589802213], [152.4945168310401, -27.665637209020304], [152.49441311802798, -27.665826207011605], [152.49435238000416, -27.666071904007584], [152.49442203795942, -27.666370856016762], [152.49447534792088, -27.666634767024064], [152.4942928099318, -27.666706842006725], [152.49392710297343, -27.666692056970653], [152.4934165030281, -27.666699201920494], [152.4931507590553, -27.666712916894507], [152.49283409207854, -27.666803250864074], [152.4927471550864, -27.666816407855652], [152.4926369301184, -27.666655304843506], [152.49249984416562, -27.666394693828003], [152.49238281819711, -27.666243590815306], [152.49224285920633, -27.666291276801935], [152.4921830141892, -27.666481789797555], [152.49207370016444, -27.66677806078911], [152.49198494714068, -27.667047569782515], [152.49211954010897, -27.667185005796814], [152.49222727209252, -27.667222934807718], [152.49238365006786, -27.667284897823595], [152.492609127009, -27.667561490847895], [152.49275282000818, -27.66744228786109], [152.49294557100706, -27.667282222878796], [152.4931628510058, -27.667101726898746], [152.49340286399087, -27.66701116792163], [152.49373401195737, -27.666991630954016], [152.49407551391502, -27.667033321987876], [152.494469715872, -27.66703400802666], [152.4947803898462, -27.66696985805669], [152.49498932283933, -27.666841594076207], [152.49503306787108, -27.6665479050782]]]}, "properties": {"_sublayer": "Koala habitat area (core)", "source": "QLD DETSI KoalaPlan MapServer layer 3"}}, {"type": "Feature", "id": 63942, "geometry": {"type": "Polygon", "coordinates": [[[152.49495698679797, -27.66720323907586], [152.49521608378228, -27.66710270710058], [152.49521290278864, -27.66705420609991], [152.4950914817983, -27.667082770088186], [152.49473766881667, -27.667245475054653], [152.49495698679797, -27.66720323907586]]]}, "properties": {"_sublayer": "Koala habitat area (core)", "source": "QLD DETSI KoalaPlan MapServer layer 3"}}, {"type": "Feature", "id": 63936, "geometry": {"type": "Polygon", "coordinates": [[[152.49129548299302, -27.668842980728837], [152.4911707460362, -27.66860431871475], [152.49108996404894, -27.668572308706512], [152.4910046890542, -27.668604967698386], [152.49128741198558, -27.668909573728612], [152.49129548299302, -27.668842980728837]]]}, "properties": {"_sublayer": "Koala habitat area (core)", "source": "QLD DETSI KoalaPlan MapServer layer 3"}}, {"type": "Feature", "id": 63937, "geometry": {"type": "Polygon", "coordinates": [[[152.49207188595483, -27.66846985680226], [152.4917436900003, -27.668390870769375], [152.4917435710003, -27.66839087976933], [152.4917416940005, -27.66839132776918], [152.49173993200063, -27.668392058769008], [152.49173834000067, -27.668393051768827], [152.49173696600067, -27.66839427476872], [152.49173585100056, -27.668395692768637], [152.4917350300005, -27.66839726076857], [152.49173472500047, -27.668398275768517], [152.4919993248196, -27.669623780804173], [152.492004120819, -27.669624614804643], [152.49239831981214, -27.66933458284111], [152.4924142748265, -27.669204760841634], [152.49252918381498, -27.669196659852876], [152.49257250981918, -27.66912451685656], [152.49257851782946, -27.6690364258565], [152.49251760889462, -27.668564370846777], [152.4924914548972, -27.668566469844237], [152.49207188595483, -27.66846985680226]]]}, "properties": {"_sublayer": "Koala habitat area (core)", "source": "QLD DETSI KoalaPlan MapServer layer 3"}}, {"type": "Feature", "id": 64103, "geometry": {"type": "Polygon", "coordinates": [[[152.4833174495345, -27.671477079965513], [152.48311711555758, -27.671466421945738], [152.48304012659625, -27.671222659936234], [152.48304011259617, -27.671222615936234], [152.4830400465962, -27.67122258893624], [152.48287711362224, -27.6711559169197], [152.4827883666015, -27.671400682912946], [152.4827297375621, -27.671770652910027], [152.48272993256197, -27.671771299910084], [152.48273075356167, -27.671772867910207], [152.4827318685614, -27.67177428591028], [152.4827332425611, -27.67177550891045], [152.4827348345608, -27.67177650191062], [152.4827352055607, -27.671776655910627], [152.48287486854454, -27.671784442924427], [152.48315907250065, -27.671888925953212], [152.48316098850046, -27.671889212953364], [152.4833174495345, -27.671477079965513]]]}, "properties": {"_sublayer": "Koala habitat area (core)", "source": "QLD DETSI KoalaPlan MapServer layer 3"}}, {"type": "Feature", "id": 64486, "geometry": {"type": "Polygon", "coordinates": [[[152.4983030786551, -27.681544354517417], [152.49838116965586, -27.681470453524508], [152.49839437565728, -27.68144712452564], [152.49821060566683, -27.681531109508224], [152.49817878866853, -27.681545650505207], [152.49819871766536, -27.681554060507246], [152.4983030786551, -27.681544354517417]]]}, "properties": {"_sublayer": "Koala habitat area (core)", "source": "QLD DETSI KoalaPlan MapServer layer 3"}}, {"type": "Feature", "id": 64487, "geometry": {"type": "Polygon", "coordinates": [[[152.49688802479116, -27.681689550379435], [152.49688990279105, -27.68168910237959], [152.49689166379096, -27.681688371379764], [152.49689325579092, -27.68168737837994], [152.49689463079093, -27.681686155380046], [152.4968957457909, -27.681684737380127], [152.49689656679107, -27.681683169380243], [152.49689706979115, -27.68168149838026], [152.49689716179128, -27.681680563380265], [152.4968641938051, -27.681598005376344], [152.4967189498267, -27.681551231361713], [152.49622233290276, -27.681374053311494], [152.49614051791568, -27.68134161930321], [152.49612403590157, -27.68146962230258], [152.4961241499016, -27.681469999302575], [152.4961249709013, -27.681471567302683], [152.496126085901, -27.681472985302822], [152.4961271869007, -27.681473964302935], [152.4968873487912, -27.68168960337939], [152.49688802479116, -27.681689550379435]]]}, "properties": {"_sublayer": "Koala habitat area (core)", "source": "QLD DETSI KoalaPlan MapServer layer 3"}}, {"type": "Feature", "id": 64488, "geometry": {"type": "Polygon", "coordinates": [[[152.49984781060346, -27.680605946661913], [152.49984772960352, -27.68060511666191], [152.49984722660386, -27.68060344566185], [152.49984640560405, -27.68060187766173], [152.49984529060433, -27.680600459661612], [152.49984391560474, -27.680599236661482], [152.49984285160497, -27.6805985736614], [152.49972446161993, -27.6805816446496], [152.49990107062038, -27.680422305665715], [152.49989938962062, -27.680422065665528], [152.49990032762057, -27.680421841665666], [152.49990201662047, -27.680421140665786], [152.49997492862371, -27.68033136267223], [152.49995333262447, -27.68034406767023], [152.49949528464083, -27.680613530627305], [152.4993253726414, -27.68075872661173], [152.49935220163792, -27.680762689614394], [152.49951584062742, -27.68070369863002], [152.49958614660528, -27.68082032963788], [152.4994508605957, -27.68101670962609], [152.49944592457246, -27.681208625627118], [152.4997622514802, -27.68167439266191], [152.4997630004801, -27.68167485966199], [152.49976334047997, -27.681675000662022], [152.50000164545233, -27.681688902685543], [152.50000327645228, -27.68168822568568], [152.5000048684522, -27.681687232685817], [152.50000624345222, -27.681686009685972], [152.50000686745227, -27.681685216686], [152.50005930947856, -27.68142694568912], [152.50017587749304, -27.681207603698883], [152.50017589149311, -27.681207458698886], [152.5001758684932, -27.681207221698887], [152.50011015351535, -27.681086071691485], [152.50010861551564, -27.68108511269129], [152.5001075655158, -27.68108467469122], [152.4999526665326, -27.681085046675985], [152.49995166753266, -27.681085462675874], [152.49995007553272, -27.681086455675736], [152.4999487005327, -27.68108767867563], [152.49994769953267, -27.68108895167555], [152.49992882351657, -27.68123507567481], [152.49977776854112, -27.68116939065947], [152.49984869655745, -27.68097554866492], [152.49979657559254, -27.68073879765791], [152.49984781060346, -27.680605946661913]]]}, "properties": {"_sublayer": "Koala habitat area (core)", "source": "QLD DETSI KoalaPlan MapServer layer 3"}}, {"type": "Feature", "id": 64489, "geometry": {"type": "Polygon", "coordinates": [[[152.48989087064044, -27.68098298568605], [152.489838338667, -27.680815516679626], [152.4898508396991, -27.680544816678744], [152.48985261069953, -27.680540143678844], [152.48873925592355, -27.67971074956291], [152.48728030013683, -27.679271810416108], [152.48707281514737, -27.67936848039647], [152.48707257914737, -27.679368780396462], [152.48695630209846, -27.679865567388898], [152.48696062209046, -27.679926469389784], [152.48712969406142, -27.680011582407083], [152.48723337404272, -27.680071999417788], [152.48818935186955, -27.680629062516076], [152.4892564906842, -27.68118733062536], [152.48960925962285, -27.681371876661434], [152.48989087064044, -27.68098298568605]]]}, "properties": {"_sublayer": "Koala habitat area (core)", "source": "QLD DETSI KoalaPlan MapServer layer 3"}}, {"type": "Feature", "id": 86709, "geometry": {"type": "Polygon", "coordinates": [[[152.49553847476278, -27.666977613131277], [152.49521290278864, -27.66705420609991], [152.49521608378228, -27.66710270710058], [152.49553847476278, -27.666977613131277]]]}, "properties": {"_sublayer": "Koala habitat area (core)", "source": "QLD DETSI KoalaPlan MapServer layer 3"}}, {"type": "Feature", "id": 77035, "geometry": {"type": "Polygon", "coordinates": [[[152.4844898093827, -27.679739196145523], [152.48456833839774, -27.679547932151777], [152.48446266543465, -27.6793439691398], [152.4842438044668, -27.679276663117754], [152.48245613068815, -27.679060221940397], [152.4821235967191, -27.679102456908065], [152.48170961975765, -27.679155034867808], [152.48145575475476, -27.679401208844794], [152.48135735875368, -27.67949662283586], [152.48001164073835, -27.680801536713894], [152.47927555780558, -27.680905987642433], [152.47918606381373, -27.680918686633685], [152.47875015785348, -27.68098054159137], [152.47817935394394, -27.680752700533475], [152.47801482096997, -27.680687025516825], [152.47764385402874, -27.6805389504792], [152.4774310070477, -27.680572574458573], [152.477067041099, -27.680478512422077], [152.47688842712415, -27.68043235240415], [152.47667285114963, -27.680416381382877], [152.47660601815448, -27.680436043376467], [152.47656412614865, -27.680519769373014], [152.47651257414145, -27.680622803368767], [152.47659702607362, -27.68109596338078], [152.47720782995506, -27.68151641444405], [152.47819103071996, -27.68254903854874], [152.47832727668163, -27.682738625563644], [152.47850378558093, -27.683395888586144], [152.47866007453294, -27.68364622860343], [152.47874939150543, -27.683789292613316], [152.47974711237552, -27.683960646712702], [152.47984057536982, -27.68392525472159], [152.47998048136114, -27.683872273734913], [152.48008507537128, -27.683698293743813], [152.4801016353729, -27.683670748745254], [152.48018551436422, -27.683666607753427], [152.48058182332355, -27.68364703879225], [152.48082738928855, -27.68371365081691], [152.48160844313202, -27.68428991089818], [152.4820893620626, -27.684428317946455], [152.48233349904132, -27.684385609970146], [152.4828016630529, -27.683880411012158], [152.48296144103753, -27.68386404402773], [152.48330857600422, -27.68382848506159], [152.4838229279404, -27.683891368112622], [152.4839312949117, -27.684027048124303], [152.48352885392057, -27.68430919108696], [152.48350472891252, -27.684395457085312], [152.48346969990084, -27.684520709082825], [152.4834443718734, -27.68476441408225], [152.48359961583984, -27.6848985130986], [152.48386332580574, -27.684941936124808], [152.48509987770828, -27.684641587243977], [152.48541895763591, -27.68494547327769], [152.48554350860763, -27.68506409529086], [152.48557987560145, -27.68508220029457], [152.48598369653251, -27.685283236335856], [152.48659498045282, -27.685389346396743], [152.48698202440235, -27.68545653043529], [152.48767932235702, -27.68520987650192], [152.48817852630538, -27.685187697550827], [152.48859882622762, -27.685445868594137], [152.48885253218938, -27.68553177461973], [152.489073495156, -27.68560659564202], [152.48931713114183, -27.685507414665192], [152.48976277411572, -27.685325996707558], [152.48999824408986, -27.685327983730733], [152.49029318605753, -27.68533047175976], [152.4912122459748, -27.68519077584897], [152.49140934997112, -27.685047489867237], [152.4914686199796, -27.68492651787214], [152.49156899499408, -27.684721646880334], [152.4914367680243, -27.68459422286637], [152.4910532861119, -27.684224666825767], [152.490839112146, -27.68413753480405], [152.49072088615637, -27.68415762179259], [152.49057943016885, -27.68418165377887], [152.49034207520054, -27.684133824755133], [152.4893246563676, -27.68368073865158], [152.48924026338136, -27.683643154643022], [152.4891856223885, -27.683634061637562], [152.48824739750998, -27.683477907544162], [152.48653501874801, -27.683061262372583], [152.4852821579058, -27.682889368248112], [152.4845812490147, -27.682626087177166], [152.48408229906784, -27.68263598012824], [152.4831570691512, -27.682775954038405], [152.48282826518079, -27.68282569700652], [152.48232342124257, -27.682770668956465], [152.48040215152903, -27.68214790476281], [152.48035521555747, -27.68195878475675], [152.48104717051478, -27.681696432822633], [152.48123490950059, -27.68164628284069], [152.48127772349721, -27.681634845844787], [152.48132334249183, -27.68163872084931], [152.48203826840648, -27.681699458920033], [152.4822818293892, -27.681624665943417], [152.48239284439214, -27.68150332695334], [152.4825238273957, -27.681360160965106], [152.48260084439772, -27.681275981972007], [152.48264805240657, -27.681162950975747], [152.48277068542967, -27.68086933898548], [152.48297737242476, -27.680726940004703], [152.48308426641628, -27.68070181301499], [152.4836999503672, -27.68055708607434], [152.4840900643971, -27.67997319610812], [152.48421857040694, -27.6797808571192], [152.48433306639666, -27.67976372013033], [152.48445957438523, -27.679744784142603], [152.4844880133826, -27.679740527145373], [152.48448901438263, -27.679739903145474], [152.4844898093827, -27.679739196145523]]]}, "properties": {"_sublayer": "Koala habitat area (core)", "source": "QLD DETSI KoalaPlan MapServer layer 3"}}, {"type": "Feature", "id": 78936, "geometry": {"type": "Polygon", "coordinates": [[[152.5055167996733, -27.66701073511266], [152.5054015617015, -27.666884300100307], [152.505120154782, -27.666482148069477], [152.50479902081838, -27.666470163037843], [152.5047211727956, -27.666722544032172], [152.50469457076142, -27.667020913031845], [152.50459036471446, -27.66749132402533], [152.50404967972779, -27.667857745975052], [152.50397165269789, -27.66816751096979], [152.5041637276513, -27.668374410990282], [152.50434323461747, -27.668489469008843], [152.50438058656505, -27.668879761015603], [152.5043802015494, -27.66900600901657], [152.50449519551123, -27.669212788029494], [152.50471356048604, -27.669224609051046], [152.50482928847768, -27.669190360062142], [152.50504793146385, -27.66911036408301], [152.50509938946098, -27.669087489087875], [152.50524081144994, -27.66905328110154], [152.50531796244428, -27.669030447108952], [152.50545823743423, -27.66898893312245], [152.50552386343617, -27.66891599912833], [152.50553684944043, -27.66887010812924], [152.50557553044192, -27.668824260132652], [152.5056142094434, -27.668778411136092], [152.50565285544346, -27.66874403913961], [152.50567858444202, -27.668732602142104], [152.50569545744276, -27.668712271143576], [152.5057103204433, -27.668694357144876], [152.50572017445273, -27.668610040145225], [152.505777474459, -27.668509026150073], [152.50580795846497, -27.66843439415248], [152.50583399947635, -27.668319659154122], [152.50596299148364, -27.668147702165438], [152.5062971844544, -27.66809083919787], [152.50629756746997, -27.667964588196924], [152.50633739351835, -27.667539985197504], [152.50640256554973, -27.66723019820151], [152.50667314755302, -27.666966639226032], [152.50680210055882, -27.666806157237435], [152.50637819260643, -27.66679401819567], [152.50619771260054, -27.66700032817955], [152.50582487762975, -27.66709156114358], [152.5055167996733, -27.66701073511266]]]}, "properties": {"_sublayer": "Koala habitat area (core)", "source": "QLD DETSI KoalaPlan MapServer layer 3"}}, {"type": "Feature", "id": 81682, "geometry": {"type": "Polygon", "coordinates": [[[152.50385360807482, -27.673292851998422], [152.50400363406328, -27.67325464001289], [152.50422720704145, -27.6732340750347], [152.504336504037, -27.673173983044972], [152.50445034703722, -27.673072610055364], [152.5043840630696, -27.672869723047253], [152.50429727010587, -27.672652967037035], [152.50415040815034, -27.67242390202075], [152.50405518116753, -27.67236894401099], [152.50379504917748, -27.672517188986564], [152.50358810619707, -27.67254003296639], [152.5034254792085, -27.672590485950764], [152.50327859520377, -27.672757746937638], [152.50331044216216, -27.67306474494322], [152.50331226714925, -27.673167423944214], [152.50342265211737, -27.673327471956327], [152.50359684709235, -27.673376377973803], [152.50385360807482, -27.673292851998422]]]}, "properties": {"_sublayer": "Koala habitat area (core)", "source": "QLD DETSI KoalaPlan MapServer layer 3"}}, {"type": "Feature", "id": 81408, "geometry": {"type": "Polygon", "coordinates": [[[152.50323291603752, -27.66607744488076], [152.50333660106318, -27.665779196888582], [152.50337640311005, -27.66536607488925], [152.50331339816674, -27.66496426487993], [152.50300518620466, -27.664929341849312], [152.502722527234, -27.664940367821643], [152.5024652812493, -27.665043254797112], [152.5021548802364, -27.66541851476953], [152.50214292123596, -27.665432971768492], [152.50196208421576, -27.665754050753222], [152.50189922121774, -27.665793092747325], [152.5019620901966, -27.665909000754407], [152.50203393817043, -27.66605660976264], [152.5019987161617, -27.66615829575998], [152.5019427661666, -27.666167665754596], [152.5017811741851, -27.666159711738626], [152.50164371520125, -27.66615080772501], [152.5014856932105, -27.66621435271002], [152.50138485919163, -27.666454740701944], [152.50115120417684, -27.666779171681547], [152.5010546771869, -27.666782977672067], [152.50099334816565, -27.667007480667838], [152.50111952811886, -27.667274734682334], [152.50110940609616, -27.667466139682812], [152.50112987009084, -27.66749146868504], [152.50107066006683, -27.667736946681156], [152.50097531705157, -27.667943502673374], [152.50090214004433, -27.668066084667156], [152.50079247804646, -27.66814522565701], [152.50075014403546, -27.668270769653798], [152.50078624702192, -27.668348149658012], [152.50079964500713, -27.66845508166016], [152.50072099101095, -27.668494003652714], [152.5006003300235, -27.66849876364085], [152.50049987604365, -27.6684239206304], [152.50038780807395, -27.66827789761827], [152.5003143870908, -27.66820685461045], [152.49989279814233, -27.668161307568685], [152.49985196214732, -27.668156895564632], [152.4996690581586, -27.668226311547148], [152.49964779215995, -27.668234382545155], [152.49918028314275, -27.66878288850347], [152.498770223155, -27.66904345746524], [152.49847657511165, -27.669650197441086], [152.49813562710912, -27.669970165410117], [152.4982671850701, -27.67016882142457], [152.49841080804086, -27.670279334439595], [152.4988428779526, -27.67061179948468], [152.49905460791314, -27.670743898506515], [152.49929675988258, -27.670777874530582], [152.49955116985944, -27.67074178355534], [152.49971121984942, -27.67068198857058], [152.50000606883094, -27.67057183359874], [152.50014821982202, -27.670518725612276], [152.5004979748002, -27.670388057645646], [152.50071626678655, -27.670306503666442], [152.50077947178022, -27.670302580672672], [152.5009435877636, -27.67029239968869], [152.50108943674894, -27.670283350702988], [152.50111488574635, -27.670281770705472], [152.5015495266827, -27.670413223749236], [152.50201603762258, -27.670488812795707], [152.50205031961818, -27.670494365799115], [152.50228153459153, -27.67050621482192], [152.50269908654187, -27.67054080086327], [152.50270538454114, -27.67054132286389], [152.50275680853687, -27.670529928868838], [152.50282139554406, -27.670415255874325], [152.50278376758524, -27.670116784868256], [152.5027687045881, -27.67010702286671], [152.50255297662883, -27.669967207844383], [152.50248902164725, -27.669875287837396], [152.502412466677, -27.669703003828538], [152.50240018270105, -27.669519345825865], [152.502438899704, -27.669462021829215], [152.5028767877004, -27.669106919869474], [152.50301958073842, -27.668675309880157], [152.50303238974178, -27.66863659288112], [152.5031753907946, -27.668085905890813], [152.50325341982452, -27.667776137896098], [152.50326675684303, -27.66761547389611], [152.5032369678687, -27.66743470989177], [152.5032289188756, -27.667385867890584], [152.50301108392208, -27.667201879867726], [152.50289609396032, -27.666995104854813], [152.5028708579815, -27.666845857851133], [152.50292287600146, -27.666639347854638], [152.50305229102588, -27.66632966286492], [152.50323291603752, -27.66607744488076]]]}, "properties": {"_sublayer": "Koala habitat area (core)", "source": "QLD DETSI KoalaPlan MapServer layer 3"}}, {"type": "Feature", "id": 81679, "geometry": {"type": "Polygon", "coordinates": [[[152.5025207938238, -27.676485294892405], [152.50240670685105, -27.676365318880244], [152.50215001289394, -27.67624534085407], [152.5019289719383, -27.676081162831018], [152.50168868797218, -27.67601857680694], [152.50168830197222, -27.676018606806863], [152.50168642397242, -27.676019054806723], [152.50168513597248, -27.676019589806565], [152.50157958196925, -27.67613799379717], [152.5014512359621, -27.676308487785846], [152.5013735559563, -27.676423359779086], [152.50129581587558, -27.67714141177711], [152.50138650186958, -27.67711062478578], [152.5013871908696, -27.677110015785857], [152.50145123488846, -27.67690205479051], [152.5014654959103, -27.6767126187904], [152.501672277902, -27.676598956809848], [152.50197175386631, -27.67662421583948], [152.5023496638111, -27.67673787687753], [152.50256059880044, -27.676638250897536], [152.5025614648005, -27.67663714989761], [152.50256228680055, -27.676635581897674], [152.50256276780075, -27.676633982897666], [152.5025207938238, -27.676485294892405]]]}, "properties": {"_sublayer": "Koala habitat area (core)", "source": "QLD DETSI KoalaPlan MapServer layer 3"}}, {"type": "Feature", "id": 81680, "geometry": {"type": "Polygon", "coordinates": [[[152.50291296605837, -27.674249917913443], [152.50300566107262, -27.674054161920985], [152.50295605609907, -27.67388471791479], [152.5029559510991, -27.673884583914766], [152.50295459809936, -27.673883379914624], [152.502599228149, -27.673795258879018], [152.5022943502223, -27.673471162846447], [152.50223726624907, -27.673305739839538], [152.50223609324934, -27.67330469583943], [152.50223450124963, -27.673303702839245], [152.50223405924973, -27.67330351983919], [152.50213810426075, -27.67329867782977], [152.5017087443039, -27.673327301787765], [152.50164169223441, -27.673946654786022], [152.5018121742055, -27.674029509803457], [152.5018122932055, -27.67402956780348], [152.50181241320544, -27.67402962580344], [152.5021357531508, -27.674186770836467], [152.50273470606996, -27.674313063896363], [152.50291296605837, -27.674249917913443]]]}, "properties": {"_sublayer": "Koala habitat area (core)", "source": "QLD DETSI KoalaPlan MapServer layer 3"}}, {"type": "Feature", "id": 81681, "geometry": {"type": "Polygon", "coordinates": [[[152.50197542030594, -27.67307724781203], [152.50197718230586, -27.67307651681221], [152.5019787743058, -27.673075523812344], [152.50198014830582, -27.673074300812488], [152.50198119130584, -27.673072974812573], [152.50202673634763, -27.67269564481409], [152.501981268369, -27.672563881808564], [152.50198009636924, -27.67256283880845], [152.50197912636935, -27.672562233808325], [152.50179462539302, -27.67253402278999], [152.50173896133526, -27.673048189788553], [152.50197471430596, -27.673077415811953], [152.50197542030594, -27.67307724781203]]]}, "properties": {"_sublayer": "Koala habitat area (core)", "source": "QLD DETSI KoalaPlan MapServer layer 3"}}, {"type": "Feature", "id": 81683, "geometry": {"type": "Polygon", "coordinates": [[[152.50470855402324, -27.664898568016586], [152.5045890370416, -27.664855143004488], [152.50450175205864, -27.664794398995433], [152.50445584407296, -27.664718647990323], [152.5044120040895, -27.664624094985278], [152.50439818610027, -27.664549698983336], [152.5041627871328, -27.66449325995974], [152.50415730814458, -27.664403742958516], [152.50415709114466, -27.664403328958485], [152.50415626814484, -27.664402281958385], [152.5040522811624, -27.66435231094775], [152.50402230017312, -27.66429178394432], [152.5040056221865, -27.664198834941995], [152.5040518741936, -27.664100725945747], [152.50403993220212, -27.664042356944137], [152.50389145222084, -27.664021471929335], [152.50365107924614, -27.66402828190575], [152.50352041325607, -27.664062856893203], [152.503451070249, -27.664180598887295], [152.50334983124986, -27.664262153877992], [152.50315730126331, -27.664323240859545], [152.5030146232745, -27.664358290845797], [152.50289102928105, -27.66441398283407], [152.50280881228494, -27.66445467082632], [152.50269095729175, -27.664502400815053], [152.5025790383037, -27.664504716804082], [152.50213645430642, -27.66487017476345], [152.5021403652385, -27.665414527768114], [152.50214081623832, -27.665415388768167], [152.50214193023808, -27.665416806768285], [152.5021433052378, -27.66541802976841], [152.50214489723749, -27.665419022768585], [152.50214665823722, -27.66541975376877], [152.50214853523693, -27.665420201768935], [152.50215047123666, -27.66542035276912], [152.50215235423647, -27.665420156769322], [152.50215185923645, -27.665420749769265], [152.5021548802364, -27.66541851476953], [152.5024652812493, -27.665043254797112], [152.502722527234, -27.664940367821643], [152.50300518620466, -27.664929341849312], [152.50331339816674, -27.66496426487993], [152.50337640311005, -27.66536607488925], [152.50333660106318, -27.665779196888582], [152.50323291603752, -27.66607744488076], [152.50305229102588, -27.66632966286492], [152.50292287600146, -27.666639347854638], [152.5028708579815, -27.666845857851133], [152.50289609396032, -27.666995104854813], [152.50301108392208, -27.667201879867726], [152.5032289188756, -27.667385867890584], [152.5032369678687, -27.66743470989177], [152.50326675684303, -27.66761547389611], [152.50325341982452, -27.667776137896098], [152.5031753907946, -27.668085905890813], [152.50303238974178, -27.66863659288112], [152.50301958073842, -27.668675309880157], [152.5028767877004, -27.669106919869474], [152.502438899704, -27.669462021829215], [152.50240018270105, -27.669519345825865], [152.502412466677, -27.669703003828538], [152.50248902164725, -27.669875287837396], [152.50255297662883, -27.669967207844383], [152.5027687045881, -27.67010702286671], [152.50278376758524, -27.670116784868256], [152.50282139554406, -27.670415255874325], [152.50275680853687, -27.670529928868838], [152.50270538454114, -27.67054132286389], [152.50269908654187, -27.67054080086327], [152.50228153459153, -27.67050621482192], [152.50205031961818, -27.670494365799115], [152.50201603762258, -27.670488812795707], [152.50188932949112, -27.671659231792432], [152.50196288648107, -27.671676456799773], [152.50221312045576, -27.67166071382431], [152.5023319474595, -27.67152685383493], [152.50242638046896, -27.671367533842936], [152.5024891674785, -27.67123588384807], [152.50252506748382, -27.671161073851028], [152.50255739748815, -27.671098406853687], [152.50313410541625, -27.671171495910997], [152.50355109436427, -27.67122434195242], [152.5038062863326, -27.671256683977763], [152.50380702633254, -27.671256506977837], [152.50380781933254, -27.67125617797792], [152.50380720433242, -27.671256799977893], [152.50401267829832, -27.671351616998827], [152.5040924922908, -27.67134198000659], [152.5041842902886, -27.671279964015113], [152.5042085802981, -27.671181682016712], [152.50422218029908, -27.67116168101792], [152.50421765231087, -27.671071025016754], [152.50417637432716, -27.670975331011967], [152.50390343238217, -27.67077199098354], [152.5037545004174, -27.6706186839677], [152.5037969964207, -27.670554702971323], [152.5041535164067, -27.67035473100485], [152.50437931239128, -27.670281057026454], [152.50462375034675, -27.670425379051608], [152.5046255093466, -27.670425516051814], [152.5046274453464, -27.670425365052015], [152.5046293223463, -27.67042491705216], [152.50463011534615, -27.670424588052246], [152.50472057434772, -27.67033310706045], [152.50587912715883, -27.670839424178332], [152.50587947615884, -27.67083945117835], [152.50588141215863, -27.67083930017856], [152.50588242015857, -27.670839059178657], [152.50626611815176, -27.6705573072142], [152.5065184291546, -27.67031263123706], [152.5066848041679, -27.670060034251456], [152.50663321422073, -27.66967941524341], [152.50654219726954, -27.669365389231977], [152.50684524026056, -27.66917236126025], [152.50714828021154, -27.669302239291067], [152.50717204817113, -27.669607463295847], [152.50699419213657, -27.67004118928174], [152.50702575011036, -27.670225259286283], [152.5070265411101, -27.670226265286356], [152.5070279151098, -27.67022748828653], [152.50702950710948, -27.670228481286713], [152.5070312691092, -27.67022921228689], [152.5070324271091, -27.670229488286978], [152.50749291506818, -27.670154758331694], [152.50773059606195, -27.6699968853538], [152.50774247901492, -27.670365256357883], [152.50769494396533, -27.670807298356657], [152.50767788694617, -27.67097648035634], [152.50767791894617, -27.67097658535632], [152.50767873994585, -27.67097815335644], [152.50767985494556, -27.670979571356565], [152.5076812289453, -27.670980794356666], [152.50768213094514, -27.670981356356776], [152.5083369608608, -27.67108609942202], [152.50855004985027, -27.670984261442147], [152.50948595976215, -27.670874313533357], [152.5100563107283, -27.670647152587673], [152.51028565173308, -27.67040735560835], [152.51057609673236, -27.670158973634955], [152.51057624673237, -27.67015868763499], [152.51057674973242, -27.670157016635024], [152.51057691873268, -27.670155292635005], [152.51057674973285, -27.67015356863497], [152.51057624673322, -27.67015189763495], [152.5105754257334, -27.67015032963485], [152.51057431073377, -27.67014891163471], [152.5105737137339, -27.670148379634643], [152.51026188478139, -27.67003898460313], [152.50979840982924, -27.670060034557693], [152.50948942588496, -27.669881110525882], [152.50956072890207, -27.669681137531338], [152.51025939182006, -27.669729482600463], [152.51026112782, -27.669728762600634], [152.51026271981996, -27.66972776960078], [152.51026409381998, -27.669726546600867], [152.5102650288199, -27.669725357600953], [152.5103266448668, -27.66929361460366], [152.51035695688992, -27.669081215604955], [152.510558983881, -27.668975965624007], [152.5108113618441, -27.669052289649454], [152.5110277948124, -27.669117741671254], [152.51104622680967, -27.66912331567311], [152.51103788581253, -27.669107719672134], [152.51093163584878, -27.66890905866011], [152.51093895685267, -27.66887104166053], [152.51093867585286, -27.66887010766053], [152.51093785485307, -27.668868539660423], [152.51093764685314, -27.668868274660422], [152.51081384987577, -27.66879446364767], [152.51083123489553, -27.668619963648], [152.5108312078956, -27.668619873647977], [152.5108303868958, -27.66861830564786], [152.51082927189617, -27.6686168876478], [152.5108278978965, -27.668615664647618], [152.51082668589663, -27.66861490764749], [152.5106237059219, -27.66858922562731], [152.51043356194458, -27.668573438608494], [152.51037414296283, -27.66847871360192], [152.51034443199086, -27.66827873759745], [152.51028392701141, -27.66816560959059], [152.51009550903845, -27.668112912571644], [152.50985782908526, -27.66794451154695], [152.50986856310755, -27.667754981546533], [152.5098765481242, -27.667614013546164], [152.5098910601428, -27.66745150454636], [152.50997542225087, -27.666506895547194], [152.50997428226128, -27.666424131546492], [152.50997385826136, -27.6664233225464], [152.50997274426163, -27.666421904546272], [152.50997136926202, -27.66642068154616], [152.5099697782623, -27.666419688545986], [152.50996801626258, -27.666418957545805], [152.50996756626265, -27.666418850545753], [152.5092683673296, -27.666491650477546], [152.50927230532724, -27.666507369478087], [152.50937632129563, -27.666670942489553], [152.50958492324833, -27.666869857511642], [152.50966202619938, -27.667196540521804], [152.50958174916033, -27.667580951516893], [152.50955469615627, -27.66763811751473], [152.50981709606515, -27.668142228544486], [152.50976474503096, -27.668463513541845], [152.50968656399385, -27.668830670537062], [152.50959591197392, -27.66907155653002], [152.50946730398215, -27.669117267517706], [152.5091974480088, -27.669139806491376], [152.5089789790297, -27.669162422470034], [152.5086833950576, -27.669196397441233], [152.50843923108144, -27.66921897041743], [152.50810513911497, -27.669241406384735], [152.50796385813175, -27.669229710370754], [152.50771979815974, -27.66921785134667], [152.5076556331697, -27.669194796340136], [152.50754018218933, -27.669137231328374], [152.50742494121755, -27.669010797316012], [152.50769959531968, -27.667946874334657], [152.5076818923302, -27.66787731033236], [152.50768241534465, -27.667760737331548], [152.50770922835906, -27.667620944333073], [152.50778883137932, -27.667388076339062], [152.5077503364052, -27.667213078333926], [152.50782957341536, -27.667061812340528], [152.50796139142554, -27.666864103351934], [152.50797610246875, -27.66650277335052], [152.50810812748477, -27.666258436361623], [152.5081492404869, -27.666205064365208], [152.50859480265257, -27.664479033395516], [152.50867202064987, -27.664433245402716], [152.50909612561077, -27.66437651344403], [152.5092136105955, -27.664396576455708], [152.50923709359233, -27.664401934458063], [152.50954551055185, -27.66445755148883], [152.5100077094901, -27.664550085535044], [152.51012233243628, -27.664883106548892], [152.50971908043567, -27.665241797512085], [152.50976746542457, -27.66528877051721], [152.50976804442453, -27.66528901051728], [152.50976992142418, -27.665289458517442], [152.50977147642405, -27.665289579517573], [152.51198468128388, -27.664479244728927], [152.51198515728396, -27.66447882172896], [152.51198627128392, -27.664477403729094], [152.51198709228413, -27.664475835729146], [152.51198759528418, -27.66447416472918], [152.51198762628425, -27.66447385472916], [152.51197077529258, -27.664421958727104], [152.51099882444683, -27.664030691628426], [152.50871939869182, -27.664053263404423], [152.50804785069926, -27.664582778342517], [152.50800147769974, -27.66461934333825], [152.50746148263042, -27.66565099329326], [152.50652473092774, -27.664076222188736], [152.50652348892794, -27.664075447188623], [152.50652235192808, -27.664074975188488], [152.50573806201245, -27.66408271611141], [152.50573714501252, -27.66408309811131], [152.5057367090125, -27.664083370111307], [152.50573718001255, -27.664082725111335], [152.50568423601976, -27.664071074106015], [152.50537099105458, -27.664064716075206], [152.50513455407713, -27.664090094052145], [152.5049260080872, -27.66419193303244], [152.50468042209613, -27.664335351009417], [152.50465232208677, -27.66443541800744], [152.50471197606663, -27.664545395014134], [152.50493833203282, -27.664619372036977], [152.50511911502005, -27.664564095054317], [152.5052128810235, -27.664453414062702], [152.5053432800143, -27.664413498075167], [152.5053863199999, -27.664492035080045], [152.5053883709912, -27.664560620080813], [152.50524768498258, -27.664753371068464], [152.50515066397563, -27.664894492060046], [152.5050325439829, -27.664939272048773], [152.50484595600327, -27.664938613030394], [152.50470855402324, -27.664898568016586]], [[152.50449519551123, -27.669212788029494], [152.5043802015494, -27.66900600901657], [152.50438058656505, -27.668879761015603], [152.50434323461747, -27.668489469008843], [152.5041637276513, -27.668374410990282], [152.50397165269789, -27.66816751096979], [152.50404967972779, -27.667857745975052], [152.50459036471446, -27.66749132402533], [152.50469457076142, -27.667020913031845], [152.5047211727956, -27.666722544032172], [152.50479902081838, -27.666470163037843], [152.505120154782, -27.666482148069477], [152.5054015617015, -27.666884300100307], [152.5055167996733, -27.66701073511266], [152.50582487762975, -27.66709156114358], [152.50619771260054, -27.66700032817955], [152.50637819260643, -27.66679401819567], [152.50680210055882, -27.666806157237435], [152.50667314755302, -27.666966639226032], [152.50640256554973, -27.66723019820151], [152.50633739351835, -27.667539985197504], [152.50629756746997, -27.667964588196924], [152.5062971844544, -27.66809083919787], [152.50596299148364, -27.668147702165438], [152.50583399947635, -27.668319659154122], [152.50580795846497, -27.66843439415248], [152.505777474459, -27.668509026150073], [152.50572017445273, -27.668610040145225], [152.5057103204433, -27.668694357144876], [152.50569545744276, -27.668712271143576], [152.50567858444202, -27.668732602142104], [152.50565285544346, -27.66874403913961], [152.5056142094434, -27.668778411136092], [152.50557553044192, -27.668824260132652], [152.50553684944043, -27.66887010812924], [152.50552386343617, -27.66891599912833], [152.50545823743423, -27.66898893312245], [152.50531796244428, -27.669030447108952], [152.50524081144994, -27.66905328110154], [152.50509938946098, -27.669087489087875], [152.50504793146385, -27.66911036408301], [152.50482928847768, -27.669190360062142], [152.50471356048604, -27.669224609051046], [152.50449519551123, -27.669212788029494]]]}, "properties": {"_sublayer": "Koala habitat area (core)", "source": "QLD DETSI KoalaPlan MapServer layer 3"}}, {"type": "Feature", "id": 63318, "geometry": {"type": "Polygon", "coordinates": [[[152.5053831259155, -27.657114002021814], [152.5053646419196, -27.657096533019853], [152.50511683995884, -27.656997473994725], [152.50490696899212, -27.656913576973416], [152.50465860802274, -27.65688448594877], [152.5043490780608, -27.656848230918047], [152.50246154322605, -27.657171202734943], [152.50240441822802, -27.657205216729615], [152.5020541302402, -27.65741378769682], [152.50164183524805, -27.6577124446586], [152.50108931425845, -27.658112677607406], [152.50060665526757, -27.658462294562693], [152.50007166627768, -27.658849817513143], [152.50000466027893, -27.658898353506956], [152.49999245527923, -27.658907194505826], [152.4994972042885, -27.659265932459938], [152.4987581613511, -27.659409674388396], [152.49854637435882, -27.65953304236854], [152.49833436336652, -27.659656541348653], [152.4981754313422, -27.6599923233357], [152.49803889832134, -27.66028078032455], [152.49789659025325, -27.6609545753158], [152.4977987052386, -27.661157664307787], [152.49759369224373, -27.66129700628874], [152.49734812227223, -27.661282020264483], [152.49704570032324, -27.661135947233614], [152.49695736533815, -27.661093280224588], [152.49685961235465, -27.661046064214577], [152.49645068542364, -27.660848547172815], [152.49606496147015, -27.660811560134608], [152.49568779651563, -27.660775394097282], [152.49534208458618, -27.66050959806121], [152.4953408445864, -27.66050930006105], [152.49533890858663, -27.66050914906086], [152.4953375405867, -27.66050925706073], [152.49510772659633, -27.66063369403912], [152.4951065165962, -27.66063552803901], [152.4949824665864, -27.660823573028306], [152.4951469965145, -27.661258230047917], [152.49538884147634, -27.661354151072402], [152.4954421374548, -27.66148134907867], [152.49549486543344, -27.661607192084833], [152.49556162040645, -27.661766513092655], [152.495480895248, -27.663115581095276], [152.49558871120945, -27.663331571107594], [152.495778263174, -27.663450663127186], [152.49577839817405, -27.663450697127182], [152.49577920517393, -27.663450758127233], [152.4959705041601, -27.663394360145627], [152.49603123815578, -27.66337645515148], [152.4962199411542, -27.663223118168794], [152.49632475216885, -27.66301349617745], [152.49627232222846, -27.66257853116887], [152.49618944932277, -27.661891009155372], [152.4962845813399, -27.66166906816296], [152.49645540733886, -27.661527991178627], [152.49652155433128, -27.661530881185175], [152.49672103730848, -27.661539598204865], [152.49761072316667, -27.661903214295144], [152.49763937916205, -27.661914926298056], [152.4984024430726, -27.661967029373518], [152.49857139405825, -27.66193557438988], [152.49865343805106, -27.66192029939781], [152.49867294905158, -27.661899218399565], [152.49880485105493, -27.661756707411428], [152.49881239506098, -27.66170147441174], [152.49882471907077, -27.661611243412246], [152.49883624408, -27.661526859412717], [152.49885501321842, -27.660394360405625], [152.49901618822037, -27.660237112420244], [152.5000055021461, -27.65996841151542], [152.50019502513936, -27.65985695053316], [152.50021085314344, -27.65981073953437], [152.50024173515118, -27.659720575536728], [152.5003343811746, -27.659450082543692], [152.50034710717787, -27.65941292554465], [152.50039678317904, -27.659360032549152], [152.50040816417936, -27.659347915550136], [152.5004812841811, -27.659270060556732], [152.50050027918152, -27.659249836558416], [152.50051001918106, -27.659244792559363], [152.5006344851755, -27.659180336571065], [152.50071327117206, -27.659139536578472], [152.5008076061678, -27.659090684587404], [152.500916523163, -27.659034281597645], [152.5009807251601, -27.65900103460373], [152.50108932315527, -27.658944795613955], [152.50203439811324, -27.658455369703024], [152.50203695911307, -27.658454043703262], [152.50213614911215, -27.658374920712422], [152.50233965511018, -27.658212585731118], [152.50236355010983, -27.658193524733342], [152.50244140710916, -27.658131418740517], [152.50247621410884, -27.6581036537437], [152.503170063102, -27.657550175807618], [152.50363409807287, -27.657377916851896], [152.50426991200817, -27.65734231891412], [152.5043713229979, -27.65733664092407], [152.5043891039961, -27.65733564592581], [152.50463884596027, -27.657405164950884], [152.5047906369385, -27.65744741796615], [152.5048736299266, -27.657470519974485], [152.50559946576928, -27.65810261705084], [152.50605801269455, -27.6583032040975], [152.5060583656945, -27.65830323209757], [152.50605965969447, -27.65830313109769], [152.50629385668444, -27.65817836811972], [152.5064077206796, -27.658117710130444], [152.5064971146758, -27.658070087138864], [152.50657605467245, -27.65802803414633], [152.50670037266707, -27.65796180715799], [152.50674438866528, -27.657938358162145], [152.50680200066282, -27.65790766616759], [152.506912722658, -27.657848682177992], [152.50691364765797, -27.657848189178075], [152.5071692416324, -27.657830212203095], [152.50721447662508, -27.65784975320767], [152.50730900560984, -27.65789058821734], [152.50831686244624, -27.658325969319865], [152.5088441373606, -27.6585537453735], [152.50898447933784, -27.65861437138777], [152.50917493129944, -27.658756770407646], [152.50918828626993, -27.65898260941073], [152.50903978826491, -27.659153721397445], [152.50853397331394, -27.65920172134806], [152.50837522931067, -27.6593670583338], [152.5083196162887, -27.659593274330085], [152.50827570018177, -27.66049375333284], [152.50862620110217, -27.66082799336991], [152.50905115002902, -27.66104535841343], [152.5105000129247, -27.66061593455258], [152.5112600288295, -27.660716615628115], [152.51158352976714, -27.660936269661633], [152.51165360675364, -27.660983851668945], [152.51195285168436, -27.661279488700668], [152.51233666559565, -27.661658676741407], [152.51245647256454, -27.66180372475437], [152.51328995534877, -27.66281279984424], [152.51337814832596, -27.662919571853788], [152.51366444527687, -27.663064188883087], [152.51426584017378, -27.66336797294461], [152.51450096715143, -27.663341741967532], [152.51450231715134, -27.66334089896765], [152.51450369115136, -27.663339675967816], [152.51450480615145, -27.663338257967908], [152.51450562715152, -27.663336689967963], [152.51450570615162, -27.663336427967938], [152.51450417015343, -27.663323243967735], [152.51450052915766, -27.66329199996713], [152.51448413817684, -27.663151339964404], [152.51447082219255, -27.663037066962197], [152.5144643182002, -27.662981251961124], [152.51376008736707, -27.66225272388609], [152.51371486437787, -27.662205938881282], [152.5136773713867, -27.662167151877295], [152.51362730339866, -27.66211535487199], [152.51357644441072, -27.66206273986656], [152.51281146159204, -27.66127134578506], [152.5119607847709, -27.660574810695945], [152.51185980179224, -27.660492125685362], [152.5115067878665, -27.660203077648347], [152.5110275679375, -27.660050014600035], [152.51056826099403, -27.659997741554452], [152.51051967399997, -27.65999221154962], [152.51026521802422, -27.660019864524774], [152.5095989450577, -27.660333909461734], [152.50909426511615, -27.66030441541187], [152.50899395015318, -27.66009442140033], [152.50914779319035, -27.65966018941206], [152.5092285161925, -27.659572134419307], [152.50930878219455, -27.659484579426543], [152.50931334619446, -27.659482159426915], [152.50943127618936, -27.65941962543804], [152.50948246418707, -27.65939248244291], [152.50953290318492, -27.659365736447654], [152.5096345311806, -27.65931184745721], [152.5096516721799, -27.659302758458832], [152.50974954017562, -27.659250861468053], [152.50974979417566, -27.659250538468083], [152.50978509719772, -27.659041949469902], [152.50975275321358, -27.65894206246591], [152.509737775221, -27.65889579746408], [152.50969422824238, -27.658761303458736], [152.5096377672702, -27.65858692445183], [152.50956440630628, -27.658360353442855], [152.50941481134274, -27.65819741042684], [152.50892935941377, -27.658050069377936], [152.5087074914463, -27.657982728355602], [152.50868804544916, -27.65797682635364], [152.508247248525, -27.65775172730847], [152.50817205654272, -27.657674316300493], [152.50793525659878, -27.65743052727532], [152.50774558164366, -27.65723525525507], [152.50726450271205, -27.65710526120679], [152.50677761975774, -27.65716345015937], [152.50677589575787, -27.657163656159188], [152.50611039578075, -27.65756250509688], [152.50589198580047, -27.65759490007561], [152.5057010228436, -27.65741443005544], [152.5053831259155, -27.657114002021814]]]}, "properties": {"_sublayer": "Koala habitat area (core)", "source": "QLD DETSI KoalaPlan MapServer layer 3"}}]}